1 2
1 66
1 67
2 3
2 67
2 68
3 4
3 68
3 69
4 5
4 69
4 70
5 6
5 70
5 71
6 7
6 71
6 72
7 8
7 72
7 73
8 9
8 73
8 74
9 10
9 74
9 75
10 11
10 75
10 76
11 12
11 76
11 77
12 13
12 77
12 78
13 14
13 78
13 79
14 15
14 79
14 80
15 16
15 80
15 81
16 17
16 81
16 82
17 18
17 82
17 83
18 19
18 83
18 84
19 20
19 84
19 85
20 21
20 85
20 86
21 22
21 86
21 87
22 23
22 87
22 88
23 24
23 88
23 89
24 25
24 89
24 90
25 26
25 90
25 91
26 27
26 91
26 92
27 28
27 92
27 93
28 29
28 93
28 94
29 30
29 94
29 95
30 31
30 95
30 96
31 32
31 96
31 97
32 33
32 97
32 98
33 34
33 98
33 99
34 35
34 99
34 100
35 36
35 100
35 101
36 37
36 101
36 102
37 38
37 102
37 103
38 39
38 103
38 104
39 40
39 104
39 105
40 41
40 105
40 106
41 42
41 106
41 107
42 43
42 107
42 108
43 44
43 108
43 109
44 45
44 109
44 110
45 46
45 110
45 111
46 47
46 111
46 112
47 48
47 112
47 113
48 49
48 113
48 114
49 50
49 114
49 115
50 51
50 115
50 116
51 52
51 116
51 117
52 53
52 117
52 118
53 54
53 118
53 119
54 55
54 119
54 120
55 56
55 120
55 121
56 57
56 121
56 122
57 58
57 122
57 123
58 59
58 123
58 124
59 60
59 124
59 125
60 61
60 125
60 126
61 62
61 126
61 127
62 63
62 127
62 128
63 64
63 128
63 129
64 65
64 129
64 130
65 130
66 67
66 131
66 132
67 68
67 132
67 133
68 69
68 133
68 134
69 70
69 134
69 135
70 71
70 135
70 136
71 72
71 136
71 137
72 73
72 137
72 138
73 74
73 138
73 139
74 75
74 139
74 140
75 76
75 140
75 141
76 77
76 141
76 142
77 78
77 142
77 143
78 79
78 143
78 144
79 80
79 144
79 145
80 81
80 145
80 146
81 82
81 146
81 147
82 83
82 147
82 148
83 84
83 148
83 149
84 85
84 149
84 150
85 86
85 150
85 151
86 87
86 151
86 152
87 88
87 152
87 153
88 89
88 153
88 154
89 90
89 154
89 155
90 91
90 155
90 156
91 92
91 156
91 157
92 93
92 157
92 158
93 94
93 158
93 159
94 95
94 159
94 160
95 96
95 160
95 161
96 97
96 161
96 162
97 98
97 162
97 163
98 99
98 163
98 164
99 100
99 164
99 165
100 101
100 165
100 166
101 102
101 166
101 167
102 103
102 167
102 168
103 104
103 168
103 169
104 105
104 169
104 170
105 106
105 170
105 171
106 107
106 171
106 172
107 108
107 172
107 173
108 109
108 173
108 174
109 110
109 174
109 175
110 111
110 175
110 176
111 112
111 176
111 177
112 113
112 177
112 178
113 114
113 178
113 179
114 115
114 179
114 180
115 116
115 180
115 181
116 117
116 181
116 182
117 118
117 182
117 183
118 119
118 183
118 184
119 120
119 184
119 185
120 121
120 185
120 186
121 122
121 186
121 187
122 123
122 187
122 188
123 124
123 188
123 189
124 125
124 189
124 190
125 126
125 190
125 191
126 127
126 191
126 192
127 128
127 192
127 193
128 129
128 193
128 194
129 130
129 194
129 195
130 195
131 132
131 196
131 197
132 133
132 197
132 198
133 134
133 198
133 199
134 135
134 199
134 200
135 136
135 200
135 201
136 137
136 201
136 202
137 138
137 202
137 203
138 139
138 203
138 204
139 140
139 204
139 205
140 141
140 205
140 206
141 142
141 206
141 207
142 143
142 207
142 208
143 144
143 208
143 209
144 145
144 209
144 210
145 146
145 210
145 211
146 147
146 211
146 212
147 148
147 212
147 213
148 149
148 213
148 214
149 150
149 214
149 215
150 151
150 215
150 216
151 152
151 216
151 217
152 153
152 217
152 218
153 154
153 218
153 219
154 155
154 219
154 220
155 156
155 220
155 221
156 157
156 221
156 222
157 158
157 222
157 223
158 159
158 223
158 224
159 160
159 224
159 225
160 161
160 225
160 226
161 162
161 226
161 227
162 163
162 227
162 228
163 164
163 228
163 229
164 165
164 229
164 230
165 166
165 230
165 231
166 167
166 231
166 232
167 168
167 232
167 233
168 169
168 233
168 234
169 170
169 234
169 235
170 171
170 235
170 236
171 172
171 236
171 237
172 173
172 237
172 238
173 174
173 238
173 239
174 175
174 239
174 240
175 176
175 240
175 241
176 177
176 241
176 242
177 178
177 242
177 243
178 179
178 243
178 244
179 180
179 244
179 245
180 181
180 245
180 246
181 182
181 246
181 247
182 183
182 247
182 248
183 184
183 248
183 249
184 185
184 249
184 250
185 186
185 250
185 251
186 187
186 251
186 252
187 188
187 252
187 253
188 189
188 253
188 254
189 190
189 254
189 255
190 191
190 255
190 256
191 192
191 256
191 257
192 193
192 257
192 258
193 194
193 258
193 259
194 195
194 259
194 260
195 260
196 197
196 261
196 262
197 198
197 262
197 263
198 199
198 263
198 264
199 200
199 264
199 265
200 201
200 265
200 266
201 202
201 266
201 267
202 203
202 267
202 268
203 204
203 268
203 269
204 205
204 269
204 270
205 206
205 270
205 271
206 207
206 271
206 272
207 208
207 272
207 273
208 209
208 273
208 274
209 210
209 274
209 275
210 211
210 275
210 276
211 212
211 276
211 277
212 213
212 277
212 278
213 214
213 278
213 279
214 215
214 279
214 280
215 216
215 280
215 281
216 217
216 281
216 282
217 218
217 282
217 283
218 219
218 283
218 284
219 220
219 284
219 285
220 221
220 285
220 286
221 222
221 286
221 287
222 223
222 287
222 288
223 224
223 288
223 289
224 225
224 289
224 290
225 226
225 290
225 291
226 227
226 291
226 292
227 228
227 292
227 293
228 229
228 293
228 294
229 230
229 294
229 295
230 231
230 295
230 296
231 232
231 296
231 297
232 233
232 297
232 298
233 234
233 298
233 299
234 235
234 299
234 300
235 236
235 300
235 301
236 237
236 301
236 302
237 238
237 302
237 303
238 239
238 303
238 304
239 240
239 304
239 305
240 241
240 305
240 306
241 242
241 306
241 307
242 243
242 307
242 308
243 244
243 308
243 309
244 245
244 309
244 310
245 246
245 310
245 311
246 247
246 311
246 312
247 248
247 312
247 313
248 249
248 313
248 314
249 250
249 314
249 315
250 251
250 315
250 316
251 252
251 316
251 317
252 253
252 317
252 318
253 254
253 318
253 319
254 255
254 319
254 320
255 256
255 320
255 321
256 257
256 321
256 322
257 258
257 322
257 323
258 259
258 323
258 324
259 260
259 324
259 325
260 325
261 262
261 326
261 327
262 263
262 327
262 328
263 264
263 328
263 329
264 265
264 329
264 330
265 266
265 330
265 331
266 267
266 331
266 332
267 268
267 332
267 333
268 269
268 333
268 334
269 270
269 334
269 335
270 271
270 335
270 336
271 272
271 336
271 337
272 273
272 337
272 338
273 274
273 338
273 339
274 275
274 339
274 340
275 276
275 340
275 341
276 277
276 341
276 342
277 278
277 342
277 343
278 279
278 343
278 344
279 280
279 344
279 345
280 281
280 345
280 346
281 282
281 346
281 347
282 283
282 347
282 348
283 284
283 348
283 349
284 285
284 349
284 350
285 286
285 350
285 351
286 287
286 351
286 352
287 288
287 352
287 353
288 289
288 353
288 354
289 290
289 354
289 355
290 291
290 355
290 356
291 292
291 356
291 357
292 293
292 357
292 358
293 294
293 358
293 359
294 295
294 359
294 360
295 296
295 360
295 361
296 297
296 361
296 362
297 298
297 362
297 363
298 299
298 363
298 364
299 300
299 364
299 365
300 301
300 365
300 366
301 302
301 366
301 367
302 303
302 367
302 368
303 304
303 368
303 369
304 305
304 369
304 370
305 306
305 370
305 371
306 307
306 371
306 372
307 308
307 372
307 373
308 309
308 373
308 374
309 310
309 374
309 375
310 311
310 375
310 376
311 312
311 376
311 377
312 313
312 377
312 378
313 314
313 378
313 379
314 315
314 379
314 380
315 316
315 380
315 381
316 317
316 381
316 382
317 318
317 382
317 383
318 319
318 383
318 384
319 320
319 384
319 385
320 321
320 385
320 386
321 322
321 386
321 387
322 323
322 387
322 388
323 324
323 388
323 389
324 325
324 389
324 390
325 390
326 327
326 391
326 392
327 328
327 392
327 393
328 329
328 393
328 394
329 330
329 394
329 395
330 331
330 395
330 396
331 332
331 396
331 397
332 333
332 397
332 398
333 334
333 398
333 399
334 335
334 399
334 400
335 336
335 400
335 401
336 337
336 401
336 402
337 338
337 402
337 403
338 339
338 403
338 404
339 340
339 404
339 405
340 341
340 405
340 406
341 342
341 406
341 407
342 343
342 407
342 408
343 344
343 408
343 409
344 345
344 409
344 410
345 346
345 410
345 411
346 347
346 411
346 412
347 348
347 412
347 413
348 349
348 413
348 414
349 350
349 414
349 415
350 351
350 415
350 416
351 352
351 416
351 417
352 353
352 417
352 418
353 354
353 418
353 419
354 355
354 419
354 420
355 356
355 420
355 421
356 357
356 421
356 422
357 358
357 422
357 423
358 359
358 423
358 424
359 360
359 424
359 425
360 361
360 425
360 426
361 362
361 426
361 427
362 363
362 427
362 428
363 364
363 428
363 429
364 365
364 429
364 430
365 366
365 430
365 431
366 367
366 431
366 432
367 368
367 432
367 433
368 369
368 433
368 434
369 370
369 434
369 435
370 371
370 435
370 436
371 372
371 436
371 437
372 373
372 437
372 438
373 374
373 438
373 439
374 375
374 439
374 440
375 376
375 440
375 441
376 377
376 441
376 442
377 378
377 442
377 443
378 379
378 443
378 444
379 380
379 444
379 445
380 381
380 445
380 446
381 382
381 446
381 447
382 383
382 447
382 448
383 384
383 448
383 449
384 385
384 449
384 450
385 386
385 450
385 451
386 387
386 451
386 452
387 388
387 452
387 453
388 389
388 453
388 454
389 390
389 454
389 455
390 455
391 392
391 456
391 457
392 393
392 457
392 458
393 394
393 458
393 459
394 395
394 459
394 460
395 396
395 460
395 461
396 397
396 461
396 462
397 398
397 462
397 463
398 399
398 463
398 464
399 400
399 464
399 465
400 401
400 465
400 466
401 402
401 466
401 467
402 403
402 467
402 468
403 404
403 468
403 469
404 405
404 469
404 470
405 406
405 470
405 471
406 407
406 471
406 472
407 408
407 472
407 473
408 409
408 473
408 474
409 410
409 474
409 475
410 411
410 475
410 476
411 412
411 476
411 477
412 413
412 477
412 478
413 414
413 478
413 479
414 415
414 479
414 480
415 416
415 480
415 481
416 417
416 481
416 482
417 418
417 482
417 483
418 419
418 483
418 484
419 420
419 484
419 485
420 421
420 485
420 486
421 422
421 486
421 487
422 423
422 487
422 488
423 424
423 488
423 489
424 425
424 489
424 490
425 426
425 490
425 491
426 427
426 491
426 492
427 428
427 492
427 493
428 429
428 493
428 494
429 430
429 494
429 495
430 431
430 495
430 496
431 432
431 496
431 497
432 433
432 497
432 498
433 434
433 498
433 499
434 435
434 499
434 500
435 436
435 500
435 501
436 437
436 501
436 502
437 438
437 502
437 503
438 439
438 503
438 504
439 440
439 504
439 505
440 441
440 505
440 506
441 442
441 506
441 507
442 443
442 507
442 508
443 444
443 508
443 509
444 445
444 509
444 510
445 446
445 510
445 511
446 447
446 511
446 512
447 448
447 512
447 513
448 449
448 513
448 514
449 450
449 514
449 515
450 451
450 515
450 516
451 452
451 516
451 517
452 453
452 517
452 518
453 454
453 518
453 519
454 455
454 519
454 520
455 520
456 457
456 521
456 522
457 458
457 522
457 523
458 459
458 523
458 524
459 460
459 524
459 525
460 461
460 525
460 526
461 462
461 526
461 527
462 463
462 527
462 528
463 464
463 528
463 529
464 465
464 529
464 530
465 466
465 530
465 531
466 467
466 531
466 532
467 468
467 532
467 533
468 469
468 533
468 534
469 470
469 534
469 535
470 471
470 535
470 536
471 472
471 536
471 537
472 473
472 537
472 538
473 474
473 538
473 539
474 475
474 539
474 540
475 476
475 540
475 541
476 477
476 541
476 542
477 478
477 542
477 543
478 479
478 543
478 544
479 480
479 544
479 545
480 481
480 545
480 546
481 482
481 546
481 547
482 483
482 547
482 548
483 484
483 548
483 549
484 485
484 549
484 550
485 486
485 550
485 551
486 487
486 551
486 552
487 488
487 552
487 553
488 489
488 553
488 554
489 490
489 554
489 555
490 491
490 555
490 556
491 492
491 556
491 557
492 493
492 557
492 558
493 494
493 558
493 559
494 495
494 559
494 560
495 496
495 560
495 561
496 497
496 561
496 562
497 498
497 562
497 563
498 499
498 563
498 564
499 500
499 564
499 565
500 501
500 565
500 566
501 502
501 566
501 567
502 503
502 567
502 568
503 504
503 568
503 569
504 505
504 569
504 570
505 506
505 570
505 571
506 507
506 571
506 572
507 508
507 572
507 573
508 509
508 573
508 574
509 510
509 574
509 575
510 511
510 575
510 576
511 512
511 576
511 577
512 513
512 577
512 578
513 514
513 578
513 579
514 515
514 579
514 580
515 516
515 580
515 581
516 517
516 581
516 582
517 518
517 582
517 583
518 519
518 583
518 584
519 520
519 584
519 585
520 585
521 522
521 586
521 587
522 523
522 587
522 588
523 524
523 588
523 589
524 525
524 589
524 590
525 526
525 590
525 591
526 527
526 591
526 592
527 528
527 592
527 593
528 529
528 593
528 594
529 530
529 594
529 595
530 531
530 595
530 596
531 532
531 596
531 597
532 533
532 597
532 598
533 534
533 598
533 599
534 535
534 599
534 600
535 536
535 600
535 601
536 537
536 601
536 602
537 538
537 602
537 603
538 539
538 603
538 604
539 540
539 604
539 605
540 541
540 605
540 606
541 542
541 606
541 607
542 543
542 607
542 608
543 544
543 608
543 609
544 545
544 609
544 610
545 546
545 610
545 611
546 547
546 611
546 612
547 548
547 612
547 613
548 549
548 613
548 614
549 550
549 614
549 615
550 551
550 615
550 616
551 552
551 616
551 617
552 553
552 617
552 618
553 554
553 618
553 619
554 555
554 619
554 620
555 556
555 620
555 621
556 557
556 621
556 622
557 558
557 622
557 623
558 559
558 623
558 624
559 560
559 624
559 625
560 561
560 625
560 626
561 562
561 626
561 627
562 563
562 627
562 628
563 564
563 628
563 629
564 565
564 629
564 630
565 566
565 630
565 631
566 567
566 631
566 632
567 568
567 632
567 633
568 569
568 633
568 634
569 570
569 634
569 635
570 571
570 635
570 636
571 572
571 636
571 637
572 573
572 637
572 638
573 574
573 638
573 639
574 575
574 639
574 640
575 576
575 640
575 641
576 577
576 641
576 642
577 578
577 642
577 643
578 579
578 643
578 644
579 580
579 644
579 645
580 581
580 645
580 646
581 582
581 646
581 647
582 583
582 647
582 648
583 584
583 648
583 649
584 585
584 649
584 650
585 650
586 587
586 651
586 652
587 588
587 652
587 653
588 589
588 653
588 654
589 590
589 654
589 655
590 591
590 655
590 656
591 592
591 656
591 657
592 593
592 657
592 658
593 594
593 658
593 659
594 595
594 659
594 660
595 596
595 660
595 661
596 597
596 661
596 662
597 598
597 662
597 663
598 599
598 663
598 664
599 600
599 664
599 665
600 601
600 665
600 666
601 602
601 666
601 667
602 603
602 667
602 668
603 604
603 668
603 669
604 605
604 669
604 670
605 606
605 670
605 671
606 607
606 671
606 672
607 608
607 672
607 673
608 609
608 673
608 674
609 610
609 674
609 675
610 611
610 675
610 676
611 612
611 676
611 677
612 613
612 677
612 678
613 614
613 678
613 679
614 615
614 679
614 680
615 616
615 680
615 681
616 617
616 681
616 682
617 618
617 682
617 683
618 619
618 683
618 684
619 620
619 684
619 685
620 621
620 685
620 686
621 622
621 686
621 687
622 623
622 687
622 688
623 624
623 688
623 689
624 625
624 689
624 690
625 626
625 690
625 691
626 627
626 691
626 692
627 628
627 692
627 693
628 629
628 693
628 694
629 630
629 694
629 695
630 631
630 695
630 696
631 632
631 696
631 697
632 633
632 697
632 698
633 634
633 698
633 699
634 635
634 699
634 700
635 636
635 700
635 701
636 637
636 701
636 702
637 638
637 702
637 703
638 639
638 703
638 704
639 640
639 704
639 705
640 641
640 705
640 706
641 642
641 706
641 707
642 643
642 707
642 708
643 644
643 708
643 709
644 645
644 709
644 710
645 646
645 710
645 711
646 647
646 711
646 712
647 648
647 712
647 713
648 649
648 713
648 714
649 650
649 714
649 715
650 715
651 652
651 716
651 717
652 653
652 717
652 718
653 654
653 718
653 719
654 655
654 719
654 720
655 656
655 720
655 721
656 657
656 721
656 722
657 658
657 722
657 723
658 659
658 723
658 724
659 660
659 724
659 725
660 661
660 725
660 726
661 662
661 726
661 727
662 663
662 727
662 728
663 664
663 728
663 729
664 665
664 729
664 730
665 666
665 730
665 731
666 667
666 731
666 732
667 668
667 732
667 733
668 669
668 733
668 734
669 670
669 734
669 735
670 671
670 735
670 736
671 672
671 736
671 737
672 673
672 737
672 738
673 674
673 738
673 739
674 675
674 739
674 740
675 676
675 740
675 741
676 677
676 741
676 742
677 678
677 742
677 743
678 679
678 743
678 744
679 680
679 744
679 745
680 681
680 745
680 746
681 682
681 746
681 747
682 683
682 747
682 748
683 684
683 748
683 749
684 685
684 749
684 750
685 686
685 750
685 751
686 687
686 751
686 752
687 688
687 752
687 753
688 689
688 753
688 754
689 690
689 754
689 755
690 691
690 755
690 756
691 692
691 756
691 757
692 693
692 757
692 758
693 694
693 758
693 759
694 695
694 759
694 760
695 696
695 760
695 761
696 697
696 761
696 762
697 698
697 762
697 763
698 699
698 763
698 764
699 700
699 764
699 765
700 701
700 765
700 766
701 702
701 766
701 767
702 703
702 767
702 768
703 704
703 768
703 769
704 705
704 769
704 770
705 706
705 770
705 771
706 707
706 771
706 772
707 708
707 772
707 773
708 709
708 773
708 774
709 710
709 774
709 775
710 711
710 775
710 776
711 712
711 776
711 777
712 713
712 777
712 778
713 714
713 778
713 779
714 715
714 779
714 780
715 780
716 717
716 781
716 782
717 718
717 782
717 783
718 719
718 783
718 784
719 720
719 784
719 785
720 721
720 785
720 786
721 722
721 786
721 787
722 723
722 787
722 788
723 724
723 788
723 789
724 725
724 789
724 790
725 726
725 790
725 791
726 727
726 791
726 792
727 728
727 792
727 793
728 729
728 793
728 794
729 730
729 794
729 795
730 731
730 795
730 796
731 732
731 796
731 797
732 733
732 797
732 798
733 734
733 798
733 799
734 735
734 799
734 800
735 736
735 800
735 801
736 737
736 801
736 802
737 738
737 802
737 803
738 739
738 803
738 804
739 740
739 804
739 805
740 741
740 805
740 806
741 742
741 806
741 807
742 743
742 807
742 808
743 744
743 808
743 809
744 745
744 809
744 810
745 746
745 810
745 811
746 747
746 811
746 812
747 748
747 812
747 813
748 749
748 813
748 814
749 750
749 814
749 815
750 751
750 815
750 816
751 752
751 816
751 817
752 753
752 817
752 818
753 754
753 818
753 819
754 755
754 819
754 820
755 756
755 820
755 821
756 757
756 821
756 822
757 758
757 822
757 823
758 759
758 823
758 824
759 760
759 824
759 825
760 761
760 825
760 826
761 762
761 826
761 827
762 763
762 827
762 828
763 764
763 828
763 829
764 765
764 829
764 830
765 766
765 830
765 831
766 767
766 831
766 832
767 768
767 832
767 833
768 769
768 833
768 834
769 770
769 834
769 835
770 771
770 835
770 836
771 772
771 836
771 837
772 773
772 837
772 838
773 774
773 838
773 839
774 775
774 839
774 840
775 776
775 840
775 841
776 777
776 841
776 842
777 778
777 842
777 843
778 779
778 843
778 844
779 780
779 844
779 845
780 845
781 782
781 846
781 847
782 783
782 847
782 848
783 784
783 848
783 849
784 785
784 849
784 850
785 786
785 850
785 851
786 787
786 851
786 852
787 788
787 852
787 853
788 789
788 853
788 854
789 790
789 854
789 855
790 791
790 855
790 856
791 792
791 856
791 857
792 793
792 857
792 858
793 794
793 858
793 859
794 795
794 859
794 860
795 796
795 860
795 861
796 797
796 861
796 862
797 798
797 862
797 863
798 799
798 863
798 864
799 800
799 864
799 865
800 801
800 865
800 866
801 802
801 866
801 867
802 803
802 867
802 868
803 804
803 868
803 869
804 805
804 869
804 870
805 806
805 870
805 871
806 807
806 871
806 872
807 808
807 872
807 873
808 809
808 873
808 874
809 810
809 874
809 875
810 811
810 875
810 876
811 812
811 876
811 877
812 813
812 877
812 878
813 814
813 878
813 879
814 815
814 879
814 880
815 816
815 880
815 881
816 817
816 881
816 882
817 818
817 882
817 883
818 819
818 883
818 884
819 820
819 884
819 885
820 821
820 885
820 886
821 822
821 886
821 887
822 823
822 887
822 888
823 824
823 888
823 889
824 825
824 889
824 890
825 826
825 890
825 891
826 827
826 891
826 892
827 828
827 892
827 893
828 829
828 893
828 894
829 830
829 894
829 895
830 831
830 895
830 896
831 832
831 896
831 897
832 833
832 897
832 898
833 834
833 898
833 899
834 835
834 899
834 900
835 836
835 900
835 901
836 837
836 901
836 902
837 838
837 902
837 903
838 839
838 903
838 904
839 840
839 904
839 905
840 841
840 905
840 906
841 842
841 906
841 907
842 843
842 907
842 908
843 844
843 908
843 909
844 845
844 909
844 910
845 910
846 847
846 911
846 912
847 848
847 912
847 913
848 849
848 913
848 914
849 850
849 914
849 915
850 851
850 915
850 916
851 852
851 916
851 917
852 853
852 917
852 918
853 854
853 918
853 919
854 855
854 919
854 920
855 856
855 920
855 921
856 857
856 921
856 922
857 858
857 922
857 923
858 859
858 923
858 924
859 860
859 924
859 925
860 861
860 925
860 926
861 862
861 926
861 927
862 863
862 927
862 928
863 864
863 928
863 929
864 865
864 929
864 930
865 866
865 930
865 931
866 867
866 931
866 932
867 868
867 932
867 933
868 869
868 933
868 934
869 870
869 934
869 935
870 871
870 935
870 936
871 872
871 936
871 937
872 873
872 937
872 938
873 874
873 938
873 939
874 875
874 939
874 940
875 876
875 940
875 941
876 877
876 941
876 942
877 878
877 942
877 943
878 879
878 943
878 944
879 880
879 944
879 945
880 881
880 945
880 946
881 882
881 946
881 947
882 883
882 947
882 948
883 884
883 948
883 949
884 885
884 949
884 950
885 886
885 950
885 951
886 887
886 951
886 952
887 888
887 952
887 953
888 889
888 953
888 954
889 890
889 954
889 955
890 891
890 955
890 956
891 892
891 956
891 957
892 893
892 957
892 958
893 894
893 958
893 959
894 895
894 959
894 960
895 896
895 960
895 961
896 897
896 961
896 962
897 898
897 962
897 963
898 899
898 963
898 964
899 900
899 964
899 965
900 901
900 965
900 966
901 902
901 966
901 967
902 903
902 967
902 968
903 904
903 968
903 969
904 905
904 969
904 970
905 906
905 970
905 971
906 907
906 971
906 972
907 908
907 972
907 973
908 909
908 973
908 974
909 910
909 974
909 975
910 975
911 912
911 976
911 977
912 913
912 977
912 978
913 914
913 978
913 979
914 915
914 979
914 980
915 916
915 980
915 981
916 917
916 981
916 982
917 918
917 982
917 983
918 919
918 983
918 984
919 920
919 984
919 985
920 921
920 985
920 986
921 922
921 986
921 987
922 923
922 987
922 988
923 924
923 988
923 989
924 925
924 989
924 990
925 926
925 990
925 991
926 927
926 991
926 992
927 928
927 992
927 993
928 929
928 993
928 994
929 930
929 994
929 995
930 931
930 995
930 996
931 932
931 996
931 997
932 933
932 997
932 998
933 934
933 998
933 999
934 935
934 999
934 1000
935 936
935 1000
935 1001
936 937
936 1001
936 1002
937 938
937 1002
937 1003
938 939
938 1003
938 1004
939 940
939 1004
939 1005
940 941
940 1005
940 1006
941 942
941 1006
941 1007
942 943
942 1007
942 1008
943 944
943 1008
943 1009
944 945
944 1009
944 1010
945 946
945 1010
945 1011
946 947
946 1011
946 1012
947 948
947 1012
947 1013
948 949
948 1013
948 1014
949 950
949 1014
949 1015
950 951
950 1015
950 1016
951 952
951 1016
951 1017
952 953
952 1017
952 1018
953 954
953 1018
953 1019
954 955
954 1019
954 1020
955 956
955 1020
955 1021
956 957
956 1021
956 1022
957 958
957 1022
957 1023
958 959
958 1023
958 1024
959 960
959 1024
959 1025
960 961
960 1025
960 1026
961 962
961 1026
961 1027
962 963
962 1027
962 1028
963 964
963 1028
963 1029
964 965
964 1029
964 1030
965 966
965 1030
965 1031
966 967
966 1031
966 1032
967 968
967 1032
967 1033
968 969
968 1033
968 1034
969 970
969 1034
969 1035
970 971
970 1035
970 1036
971 972
971 1036
971 1037
972 973
972 1037
972 1038
973 974
973 1038
973 1039
974 975
974 1039
974 1040
975 1040
976 977
976 1041
976 1042
977 978
977 1042
977 1043
978 979
978 1043
978 1044
979 980
979 1044
979 1045
980 981
980 1045
980 1046
981 982
981 1046
981 1047
982 983
982 1047
982 1048
983 984
983 1048
983 1049
984 985
984 1049
984 1050
985 986
985 1050
985 1051
986 987
986 1051
986 1052
987 988
987 1052
987 1053
988 989
988 1053
988 1054
989 990
989 1054
989 1055
990 991
990 1055
990 1056
991 992
991 1056
991 1057
992 993
992 1057
992 1058
993 994
993 1058
993 1059
994 995
994 1059
994 1060
995 996
995 1060
995 1061
996 997
996 1061
996 1062
997 998
997 1062
997 1063
998 999
998 1063
998 1064
999 1000
999 1064
999 1065
1000 1001
1000 1065
1000 1066
1001 1002
1001 1066
1001 1067
1002 1003
1002 1067
1002 1068
1003 1004
1003 1068
1003 1069
1004 1005
1004 1069
1004 1070
1005 1006
1005 1070
1005 1071
1006 1007
1006 1071
1006 1072
1007 1008
1007 1072
1007 1073
1008 1009
1008 1073
1008 1074
1009 1010
1009 1074
1009 1075
1010 1011
1010 1075
1010 1076
1011 1012
1011 1076
1011 1077
1012 1013
1012 1077
1012 1078
1013 1014
1013 1078
1013 1079
1014 1015
1014 1079
1014 1080
1015 1016
1015 1080
1015 1081
1016 1017
1016 1081
1016 1082
1017 1018
1017 1082
1017 1083
1018 1019
1018 1083
1018 1084
1019 1020
1019 1084
1019 1085
1020 1021
1020 1085
1020 1086
1021 1022
1021 1086
1021 1087
1022 1023
1022 1087
1022 1088
1023 1024
1023 1088
1023 1089
1024 1025
1024 1089
1024 1090
1025 1026
1025 1090
1025 1091
1026 1027
1026 1091
1026 1092
1027 1028
1027 1092
1027 1093
1028 1029
1028 1093
1028 1094
1029 1030
1029 1094
1029 1095
1030 1031
1030 1095
1030 1096
1031 1032
1031 1096
1031 1097
1032 1033
1032 1097
1032 1098
1033 1034
1033 1098
1033 1099
1034 1035
1034 1099
1034 1100
1035 1036
1035 1100
1035 1101
1036 1037
1036 1101
1036 1102
1037 1038
1037 1102
1037 1103
1038 1039
1038 1103
1038 1104
1039 1040
1039 1104
1039 1105
1040 1105
1041 1042
1041 1106
1041 1107
1042 1043
1042 1107
1042 1108
1043 1044
1043 1108
1043 1109
1044 1045
1044 1109
1044 1110
1045 1046
1045 1110
1045 1111
1046 1047
1046 1111
1046 1112
1047 1048
1047 1112
1047 1113
1048 1049
1048 1113
1048 1114
1049 1050
1049 1114
1049 1115
1050 1051
1050 1115
1050 1116
1051 1052
1051 1116
1051 1117
1052 1053
1052 1117
1052 1118
1053 1054
1053 1118
1053 1119
1054 1055
1054 1119
1054 1120
1055 1056
1055 1120
1055 1121
1056 1057
1056 1121
1056 1122
1057 1058
1057 1122
1057 1123
1058 1059
1058 1123
1058 1124
1059 1060
1059 1124
1059 1125
1060 1061
1060 1125
1060 1126
1061 1062
1061 1126
1061 1127
1062 1063
1062 1127
1062 1128
1063 1064
1063 1128
1063 1129
1064 1065
1064 1129
1064 1130
1065 1066
1065 1130
1065 1131
1066 1067
1066 1131
1066 1132
1067 1068
1067 1132
1067 1133
1068 1069
1068 1133
1068 1134
1069 1070
1069 1134
1069 1135
1070 1071
1070 1135
1070 1136
1071 1072
1071 1136
1071 1137
1072 1073
1072 1137
1072 1138
1073 1074
1073 1138
1073 1139
1074 1075
1074 1139
1074 1140
1075 1076
1075 1140
1075 1141
1076 1077
1076 1141
1076 1142
1077 1078
1077 1142
1077 1143
1078 1079
1078 1143
1078 1144
1079 1080
1079 1144
1079 1145
1080 1081
1080 1145
1080 1146
1081 1082
1081 1146
1081 1147
1082 1083
1082 1147
1082 1148
1083 1084
1083 1148
1083 1149
1084 1085
1084 1149
1084 1150
1085 1086
1085 1150
1085 1151
1086 1087
1086 1151
1086 1152
1087 1088
1087 1152
1087 1153
1088 1089
1088 1153
1088 1154
1089 1090
1089 1154
1089 1155
1090 1091
1090 1155
1090 1156
1091 1092
1091 1156
1091 1157
1092 1093
1092 1157
1092 1158
1093 1094
1093 1158
1093 1159
1094 1095
1094 1159
1094 1160
1095 1096
1095 1160
1095 1161
1096 1097
1096 1161
1096 1162
1097 1098
1097 1162
1097 1163
1098 1099
1098 1163
1098 1164
1099 1100
1099 1164
1099 1165
1100 1101
1100 1165
1100 1166
1101 1102
1101 1166
1101 1167
1102 1103
1102 1167
1102 1168
1103 1104
1103 1168
1103 1169
1104 1105
1104 1169
1104 1170
1105 1170
1106 1107
1106 1171
1106 1172
1107 1108
1107 1172
1107 1173
1108 1109
1108 1173
1108 1174
1109 1110
1109 1174
1109 1175
1110 1111
1110 1175
1110 1176
1111 1112
1111 1176
1111 1177
1112 1113
1112 1177
1112 1178
1113 1114
1113 1178
1113 1179
1114 1115
1114 1179
1114 1180
1115 1116
1115 1180
1115 1181
1116 1117
1116 1181
1116 1182
1117 1118
1117 1182
1117 1183
1118 1119
1118 1183
1118 1184
1119 1120
1119 1184
1119 1185
1120 1121
1120 1185
1120 1186
1121 1122
1121 1186
1121 1187
1122 1123
1122 1187
1122 1188
1123 1124
1123 1188
1123 1189
1124 1125
1124 1189
1124 1190
1125 1126
1125 1190
1125 1191
1126 1127
1126 1191
1126 1192
1127 1128
1127 1192
1127 1193
1128 1129
1128 1193
1128 1194
1129 1130
1129 1194
1129 1195
1130 1131
1130 1195
1130 1196
1131 1132
1131 1196
1131 1197
1132 1133
1132 1197
1132 1198
1133 1134
1133 1198
1133 1199
1134 1135
1134 1199
1134 1200
1135 1136
1135 1200
1135 1201
1136 1137
1136 1201
1136 1202
1137 1138
1137 1202
1137 1203
1138 1139
1138 1203
1138 1204
1139 1140
1139 1204
1139 1205
1140 1141
1140 1205
1140 1206
1141 1142
1141 1206
1141 1207
1142 1143
1142 1207
1142 1208
1143 1144
1143 1208
1143 1209
1144 1145
1144 1209
1144 1210
1145 1146
1145 1210
1145 1211
1146 1147
1146 1211
1146 1212
1147 1148
1147 1212
1147 1213
1148 1149
1148 1213
1148 1214
1149 1150
1149 1214
1149 1215
1150 1151
1150 1215
1150 1216
1151 1152
1151 1216
1151 1217
1152 1153
1152 1217
1152 1218
1153 1154
1153 1218
1153 1219
1154 1155
1154 1219
1154 1220
1155 1156
1155 1220
1155 1221
1156 1157
1156 1221
1156 1222
1157 1158
1157 1222
1157 1223
1158 1159
1158 1223
1158 1224
1159 1160
1159 1224
1159 1225
1160 1161
1160 1225
1160 1226
1161 1162
1161 1226
1161 1227
1162 1163
1162 1227
1162 1228
1163 1164
1163 1228
1163 1229
1164 1165
1164 1229
1164 1230
1165 1166
1165 1230
1165 1231
1166 1167
1166 1231
1166 1232
1167 1168
1167 1232
1167 1233
1168 1169
1168 1233
1168 1234
1169 1170
1169 1234
1169 1235
1170 1235
1171 1172
1171 1236
1171 1237
1172 1173
1172 1237
1172 1238
1173 1174
1173 1238
1173 1239
1174 1175
1174 1239
1174 1240
1175 1176
1175 1240
1175 1241
1176 1177
1176 1241
1176 1242
1177 1178
1177 1242
1177 1243
1178 1179
1178 1243
1178 1244
1179 1180
1179 1244
1179 1245
1180 1181
1180 1245
1180 1246
1181 1182
1181 1246
1181 1247
1182 1183
1182 1247
1182 1248
1183 1184
1183 1248
1183 1249
1184 1185
1184 1249
1184 1250
1185 1186
1185 1250
1185 1251
1186 1187
1186 1251
1186 1252
1187 1188
1187 1252
1187 1253
1188 1189
1188 1253
1188 1254
1189 1190
1189 1254
1189 1255
1190 1191
1190 1255
1190 1256
1191 1192
1191 1256
1191 1257
1192 1193
1192 1257
1192 1258
1193 1194
1193 1258
1193 1259
1194 1195
1194 1259
1194 1260
1195 1196
1195 1260
1195 1261
1196 1197
1196 1261
1196 1262
1197 1198
1197 1262
1197 1263
1198 1199
1198 1263
1198 1264
1199 1200
1199 1264
1199 1265
1200 1201
1200 1265
1200 1266
1201 1202
1201 1266
1201 1267
1202 1203
1202 1267
1202 1268
1203 1204
1203 1268
1203 1269
1204 1205
1204 1269
1204 1270
1205 1206
1205 1270
1205 1271
1206 1207
1206 1271
1206 1272
1207 1208
1207 1272
1207 1273
1208 1209
1208 1273
1208 1274
1209 1210
1209 1274
1209 1275
1210 1211
1210 1275
1210 1276
1211 1212
1211 1276
1211 1277
1212 1213
1212 1277
1212 1278
1213 1214
1213 1278
1213 1279
1214 1215
1214 1279
1214 1280
1215 1216
1215 1280
1215 1281
1216 1217
1216 1281
1216 1282
1217 1218
1217 1282
1217 1283
1218 1219
1218 1283
1218 1284
1219 1220
1219 1284
1219 1285
1220 1221
1220 1285
1220 1286
1221 1222
1221 1286
1221 1287
1222 1223
1222 1287
1222 1288
1223 1224
1223 1288
1223 1289
1224 1225
1224 1289
1224 1290
1225 1226
1225 1290
1225 1291
1226 1227
1226 1291
1226 1292
1227 1228
1227 1292
1227 1293
1228 1229
1228 1293
1228 1294
1229 1230
1229 1294
1229 1295
1230 1231
1230 1295
1230 1296
1231 1232
1231 1296
1231 1297
1232 1233
1232 1297
1232 1298
1233 1234
1233 1298
1233 1299
1234 1235
1234 1299
1234 1300
1235 1300
1236 1237
1236 1301
1236 1302
1237 1238
1237 1302
1237 1303
1238 1239
1238 1303
1238 1304
1239 1240
1239 1304
1239 1305
1240 1241
1240 1305
1240 1306
1241 1242
1241 1306
1241 1307
1242 1243
1242 1307
1242 1308
1243 1244
1243 1308
1243 1309
1244 1245
1244 1309
1244 1310
1245 1246
1245 1310
1245 1311
1246 1247
1246 1311
1246 1312
1247 1248
1247 1312
1247 1313
1248 1249
1248 1313
1248 1314
1249 1250
1249 1314
1249 1315
1250 1251
1250 1315
1250 1316
1251 1252
1251 1316
1251 1317
1252 1253
1252 1317
1252 1318
1253 1254
1253 1318
1253 1319
1254 1255
1254 1319
1254 1320
1255 1256
1255 1320
1255 1321
1256 1257
1256 1321
1256 1322
1257 1258
1257 1322
1257 1323
1258 1259
1258 1323
1258 1324
1259 1260
1259 1324
1259 1325
1260 1261
1260 1325
1260 1326
1261 1262
1261 1326
1261 1327
1262 1263
1262 1327
1262 1328
1263 1264
1263 1328
1263 1329
1264 1265
1264 1329
1264 1330
1265 1266
1265 1330
1265 1331
1266 1267
1266 1331
1266 1332
1267 1268
1267 1332
1267 1333
1268 1269
1268 1333
1268 1334
1269 1270
1269 1334
1269 1335
1270 1271
1270 1335
1270 1336
1271 1272
1271 1336
1271 1337
1272 1273
1272 1337
1272 1338
1273 1274
1273 1338
1273 1339
1274 1275
1274 1339
1274 1340
1275 1276
1275 1340
1275 1341
1276 1277
1276 1341
1276 1342
1277 1278
1277 1342
1277 1343
1278 1279
1278 1343
1278 1344
1279 1280
1279 1344
1279 1345
1280 1281
1280 1345
1280 1346
1281 1282
1281 1346
1281 1347
1282 1283
1282 1347
1282 1348
1283 1284
1283 1348
1283 1349
1284 1285
1284 1349
1284 1350
1285 1286
1285 1350
1285 1351
1286 1287
1286 1351
1286 1352
1287 1288
1287 1352
1287 1353
1288 1289
1288 1353
1288 1354
1289 1290
1289 1354
1289 1355
1290 1291
1290 1355
1290 1356
1291 1292
1291 1356
1291 1357
1292 1293
1292 1357
1292 1358
1293 1294
1293 1358
1293 1359
1294 1295
1294 1359
1294 1360
1295 1296
1295 1360
1295 1361
1296 1297
1296 1361
1296 1362
1297 1298
1297 1362
1297 1363
1298 1299
1298 1363
1298 1364
1299 1300
1299 1364
1299 1365
1300 1365
1301 1302
1301 1366
1301 1367
1302 1303
1302 1367
1302 1368
1303 1304
1303 1368
1303 1369
1304 1305
1304 1369
1304 1370
1305 1306
1305 1370
1305 1371
1306 1307
1306 1371
1306 1372
1307 1308
1307 1372
1307 1373
1308 1309
1308 1373
1308 1374
1309 1310
1309 1374
1309 1375
1310 1311
1310 1375
1310 1376
1311 1312
1311 1376
1311 1377
1312 1313
1312 1377
1312 1378
1313 1314
1313 1378
1313 1379
1314 1315
1314 1379
1314 1380
1315 1316
1315 1380
1315 1381
1316 1317
1316 1381
1316 1382
1317 1318
1317 1382
1317 1383
1318 1319
1318 1383
1318 1384
1319 1320
1319 1384
1319 1385
1320 1321
1320 1385
1320 1386
1321 1322
1321 1386
1321 1387
1322 1323
1322 1387
1322 1388
1323 1324
1323 1388
1323 1389
1324 1325
1324 1389
1324 1390
1325 1326
1325 1390
1325 1391
1326 1327
1326 1391
1326 1392
1327 1328
1327 1392
1327 1393
1328 1329
1328 1393
1328 1394
1329 1330
1329 1394
1329 1395
1330 1331
1330 1395
1330 1396
1331 1332
1331 1396
1331 1397
1332 1333
1332 1397
1332 1398
1333 1334
1333 1398
1333 1399
1334 1335
1334 1399
1334 1400
1335 1336
1335 1400
1335 1401
1336 1337
1336 1401
1336 1402
1337 1338
1337 1402
1337 1403
1338 1339
1338 1403
1338 1404
1339 1340
1339 1404
1339 1405
1340 1341
1340 1405
1340 1406
1341 1342
1341 1406
1341 1407
1342 1343
1342 1407
1342 1408
1343 1344
1343 1408
1343 1409
1344 1345
1344 1409
1344 1410
1345 1346
1345 1410
1345 1411
1346 1347
1346 1411
1346 1412
1347 1348
1347 1412
1347 1413
1348 1349
1348 1413
1348 1414
1349 1350
1349 1414
1349 1415
1350 1351
1350 1415
1350 1416
1351 1352
1351 1416
1351 1417
1352 1353
1352 1417
1352 1418
1353 1354
1353 1418
1353 1419
1354 1355
1354 1419
1354 1420
1355 1356
1355 1420
1355 1421
1356 1357
1356 1421
1356 1422
1357 1358
1357 1422
1357 1423
1358 1359
1358 1423
1358 1424
1359 1360
1359 1424
1359 1425
1360 1361
1360 1425
1360 1426
1361 1362
1361 1426
1361 1427
1362 1363
1362 1427
1362 1428
1363 1364
1363 1428
1363 1429
1364 1365
1364 1429
1364 1430
1365 1430
1366 1367
1366 1431
1366 1432
1367 1368
1367 1432
1367 1433
1368 1369
1368 1433
1368 1434
1369 1370
1369 1434
1369 1435
1370 1371
1370 1435
1370 1436
1371 1372
1371 1436
1371 1437
1372 1373
1372 1437
1372 1438
1373 1374
1373 1438
1373 1439
1374 1375
1374 1439
1374 1440
1375 1376
1375 1440
1375 1441
1376 1377
1376 1441
1376 1442
1377 1378
1377 1442
1377 1443
1378 1379
1378 1443
1378 1444
1379 1380
1379 1444
1379 1445
1380 1381
1380 1445
1380 1446
1381 1382
1381 1446
1381 1447
1382 1383
1382 1447
1382 1448
1383 1384
1383 1448
1383 1449
1384 1385
1384 1449
1384 1450
1385 1386
1385 1450
1385 1451
1386 1387
1386 1451
1386 1452
1387 1388
1387 1452
1387 1453
1388 1389
1388 1453
1388 1454
1389 1390
1389 1454
1389 1455
1390 1391
1390 1455
1390 1456
1391 1392
1391 1456
1391 1457
1392 1393
1392 1457
1392 1458
1393 1394
1393 1458
1393 1459
1394 1395
1394 1459
1394 1460
1395 1396
1395 1460
1395 1461
1396 1397
1396 1461
1396 1462
1397 1398
1397 1462
1397 1463
1398 1399
1398 1463
1398 1464
1399 1400
1399 1464
1399 1465
1400 1401
1400 1465
1400 1466
1401 1402
1401 1466
1401 1467
1402 1403
1402 1467
1402 1468
1403 1404
1403 1468
1403 1469
1404 1405
1404 1469
1404 1470
1405 1406
1405 1470
1405 1471
1406 1407
1406 1471
1406 1472
1407 1408
1407 1472
1407 1473
1408 1409
1408 1473
1408 1474
1409 1410
1409 1474
1409 1475
1410 1411
1410 1475
1410 1476
1411 1412
1411 1476
1411 1477
1412 1413
1412 1477
1412 1478
1413 1414
1413 1478
1413 1479
1414 1415
1414 1479
1414 1480
1415 1416
1415 1480
1415 1481
1416 1417
1416 1481
1416 1482
1417 1418
1417 1482
1417 1483
1418 1419
1418 1483
1418 1484
1419 1420
1419 1484
1419 1485
1420 1421
1420 1485
1420 1486
1421 1422
1421 1486
1421 1487
1422 1423
1422 1487
1422 1488
1423 1424
1423 1488
1423 1489
1424 1425
1424 1489
1424 1490
1425 1426
1425 1490
1425 1491
1426 1427
1426 1491
1426 1492
1427 1428
1427 1492
1427 1493
1428 1429
1428 1493
1428 1494
1429 1430
1429 1494
1429 1495
1430 1495
1431 1432
1431 1496
1431 1497
1432 1433
1432 1497
1432 1498
1433 1434
1433 1498
1433 1499
1434 1435
1434 1499
1434 1500
1435 1436
1435 1500
1435 1501
1436 1437
1436 1501
1436 1502
1437 1438
1437 1502
1437 1503
1438 1439
1438 1503
1438 1504
1439 1440
1439 1504
1439 1505
1440 1441
1440 1505
1440 1506
1441 1442
1441 1506
1441 1507
1442 1443
1442 1507
1442 1508
1443 1444
1443 1508
1443 1509
1444 1445
1444 1509
1444 1510
1445 1446
1445 1510
1445 1511
1446 1447
1446 1511
1446 1512
1447 1448
1447 1512
1447 1513
1448 1449
1448 1513
1448 1514
1449 1450
1449 1514
1449 1515
1450 1451
1450 1515
1450 1516
1451 1452
1451 1516
1451 1517
1452 1453
1452 1517
1452 1518
1453 1454
1453 1518
1453 1519
1454 1455
1454 1519
1454 1520
1455 1456
1455 1520
1455 1521
1456 1457
1456 1521
1456 1522
1457 1458
1457 1522
1457 1523
1458 1459
1458 1523
1458 1524
1459 1460
1459 1524
1459 1525
1460 1461
1460 1525
1460 1526
1461 1462
1461 1526
1461 1527
1462 1463
1462 1527
1462 1528
1463 1464
1463 1528
1463 1529
1464 1465
1464 1529
1464 1530
1465 1466
1465 1530
1465 1531
1466 1467
1466 1531
1466 1532
1467 1468
1467 1532
1467 1533
1468 1469
1468 1533
1468 1534
1469 1470
1469 1534
1469 1535
1470 1471
1470 1535
1470 1536
1471 1472
1471 1536
1471 1537
1472 1473
1472 1537
1472 1538
1473 1474
1473 1538
1473 1539
1474 1475
1474 1539
1474 1540
1475 1476
1475 1540
1475 1541
1476 1477
1476 1541
1476 1542
1477 1478
1477 1542
1477 1543
1478 1479
1478 1543
1478 1544
1479 1480
1479 1544
1479 1545
1480 1481
1480 1545
1480 1546
1481 1482
1481 1546
1481 1547
1482 1483
1482 1547
1482 1548
1483 1484
1483 1548
1483 1549
1484 1485
1484 1549
1484 1550
1485 1486
1485 1550
1485 1551
1486 1487
1486 1551
1486 1552
1487 1488
1487 1552
1487 1553
1488 1489
1488 1553
1488 1554
1489 1490
1489 1554
1489 1555
1490 1491
1490 1555
1490 1556
1491 1492
1491 1556
1491 1557
1492 1493
1492 1557
1492 1558
1493 1494
1493 1558
1493 1559
1494 1495
1494 1559
1494 1560
1495 1560
1496 1497
1496 1561
1496 1562
1497 1498
1497 1562
1497 1563
1498 1499
1498 1563
1498 1564
1499 1500
1499 1564
1499 1565
1500 1501
1500 1565
1500 1566
1501 1502
1501 1566
1501 1567
1502 1503
1502 1567
1502 1568
1503 1504
1503 1568
1503 1569
1504 1505
1504 1569
1504 1570
1505 1506
1505 1570
1505 1571
1506 1507
1506 1571
1506 1572
1507 1508
1507 1572
1507 1573
1508 1509
1508 1573
1508 1574
1509 1510
1509 1574
1509 1575
1510 1511
1510 1575
1510 1576
1511 1512
1511 1576
1511 1577
1512 1513
1512 1577
1512 1578
1513 1514
1513 1578
1513 1579
1514 1515
1514 1579
1514 1580
1515 1516
1515 1580
1515 1581
1516 1517
1516 1581
1516 1582
1517 1518
1517 1582
1517 1583
1518 1519
1518 1583
1518 1584
1519 1520
1519 1584
1519 1585
1520 1521
1520 1585
1520 1586
1521 1522
1521 1586
1521 1587
1522 1523
1522 1587
1522 1588
1523 1524
1523 1588
1523 1589
1524 1525
1524 1589
1524 1590
1525 1526
1525 1590
1525 1591
1526 1527
1526 1591
1526 1592
1527 1528
1527 1592
1527 1593
1528 1529
1528 1593
1528 1594
1529 1530
1529 1594
1529 1595
1530 1531
1530 1595
1530 1596
1531 1532
1531 1596
1531 1597
1532 1533
1532 1597
1532 1598
1533 1534
1533 1598
1533 1599
1534 1535
1534 1599
1534 1600
1535 1536
1535 1600
1535 1601
1536 1537
1536 1601
1536 1602
1537 1538
1537 1602
1537 1603
1538 1539
1538 1603
1538 1604
1539 1540
1539 1604
1539 1605
1540 1541
1540 1605
1540 1606
1541 1542
1541 1606
1541 1607
1542 1543
1542 1607
1542 1608
1543 1544
1543 1608
1543 1609
1544 1545
1544 1609
1544 1610
1545 1546
1545 1610
1545 1611
1546 1547
1546 1611
1546 1612
1547 1548
1547 1612
1547 1613
1548 1549
1548 1613
1548 1614
1549 1550
1549 1614
1549 1615
1550 1551
1550 1615
1550 1616
1551 1552
1551 1616
1551 1617
1552 1553
1552 1617
1552 1618
1553 1554
1553 1618
1553 1619
1554 1555
1554 1619
1554 1620
1555 1556
1555 1620
1555 1621
1556 1557
1556 1621
1556 1622
1557 1558
1557 1622
1557 1623
1558 1559
1558 1623
1558 1624
1559 1560
1559 1624
1559 1625
1560 1625
1561 1562
1561 1626
1561 1627
1562 1563
1562 1627
1562 1628
1563 1564
1563 1628
1563 1629
1564 1565
1564 1629
1564 1630
1565 1566
1565 1630
1565 1631
1566 1567
1566 1631
1566 1632
1567 1568
1567 1632
1567 1633
1568 1569
1568 1633
1568 1634
1569 1570
1569 1634
1569 1635
1570 1571
1570 1635
1570 1636
1571 1572
1571 1636
1571 1637
1572 1573
1572 1637
1572 1638
1573 1574
1573 1638
1573 1639
1574 1575
1574 1639
1574 1640
1575 1576
1575 1640
1575 1641
1576 1577
1576 1641
1576 1642
1577 1578
1577 1642
1577 1643
1578 1579
1578 1643
1578 1644
1579 1580
1579 1644
1579 1645
1580 1581
1580 1645
1580 1646
1581 1582
1581 1646
1581 1647
1582 1583
1582 1647
1582 1648
1583 1584
1583 1648
1583 1649
1584 1585
1584 1649
1584 1650
1585 1586
1585 1650
1585 1651
1586 1587
1586 1651
1586 1652
1587 1588
1587 1652
1587 1653
1588 1589
1588 1653
1588 1654
1589 1590
1589 1654
1589 1655
1590 1591
1590 1655
1590 1656
1591 1592
1591 1656
1591 1657
1592 1593
1592 1657
1592 1658
1593 1594
1593 1658
1593 1659
1594 1595
1594 1659
1594 1660
1595 1596
1595 1660
1595 1661
1596 1597
1596 1661
1596 1662
1597 1598
1597 1662
1597 1663
1598 1599
1598 1663
1598 1664
1599 1600
1599 1664
1599 1665
1600 1601
1600 1665
1600 1666
1601 1602
1601 1666
1601 1667
1602 1603
1602 1667
1602 1668
1603 1604
1603 1668
1603 1669
1604 1605
1604 1669
1604 1670
1605 1606
1605 1670
1605 1671
1606 1607
1606 1671
1606 1672
1607 1608
1607 1672
1607 1673
1608 1609
1608 1673
1608 1674
1609 1610
1609 1674
1609 1675
1610 1611
1610 1675
1610 1676
1611 1612
1611 1676
1611 1677
1612 1613
1612 1677
1612 1678
1613 1614
1613 1678
1613 1679
1614 1615
1614 1679
1614 1680
1615 1616
1615 1680
1615 1681
1616 1617
1616 1681
1616 1682
1617 1618
1617 1682
1617 1683
1618 1619
1618 1683
1618 1684
1619 1620
1619 1684
1619 1685
1620 1621
1620 1685
1620 1686
1621 1622
1621 1686
1621 1687
1622 1623
1622 1687
1622 1688
1623 1624
1623 1688
1623 1689
1624 1625
1624 1689
1624 1690
1625 1690
1626 1627
1626 1691
1626 1692
1627 1628
1627 1692
1627 1693
1628 1629
1628 1693
1628 1694
1629 1630
1629 1694
1629 1695
1630 1631
1630 1695
1630 1696
1631 1632
1631 1696
1631 1697
1632 1633
1632 1697
1632 1698
1633 1634
1633 1698
1633 1699
1634 1635
1634 1699
1634 1700
1635 1636
1635 1700
1635 1701
1636 1637
1636 1701
1636 1702
1637 1638
1637 1702
1637 1703
1638 1639
1638 1703
1638 1704
1639 1640
1639 1704
1639 1705
1640 1641
1640 1705
1640 1706
1641 1642
1641 1706
1641 1707
1642 1643
1642 1707
1642 1708
1643 1644
1643 1708
1643 1709
1644 1645
1644 1709
1644 1710
1645 1646
1645 1710
1645 1711
1646 1647
1646 1711
1646 1712
1647 1648
1647 1712
1647 1713
1648 1649
1648 1713
1648 1714
1649 1650
1649 1714
1649 1715
1650 1651
1650 1715
1650 1716
1651 1652
1651 1716
1651 1717
1652 1653
1652 1717
1652 1718
1653 1654
1653 1718
1653 1719
1654 1655
1654 1719
1654 1720
1655 1656
1655 1720
1655 1721
1656 1657
1656 1721
1656 1722
1657 1658
1657 1722
1657 1723
1658 1659
1658 1723
1658 1724
1659 1660
1659 1724
1659 1725
1660 1661
1660 1725
1660 1726
1661 1662
1661 1726
1661 1727
1662 1663
1662 1727
1662 1728
1663 1664
1663 1728
1663 1729
1664 1665
1664 1729
1664 1730
1665 1666
1665 1730
1665 1731
1666 1667
1666 1731
1666 1732
1667 1668
1667 1732
1667 1733
1668 1669
1668 1733
1668 1734
1669 1670
1669 1734
1669 1735
1670 1671
1670 1735
1670 1736
1671 1672
1671 1736
1671 1737
1672 1673
1672 1737
1672 1738
1673 1674
1673 1738
1673 1739
1674 1675
1674 1739
1674 1740
1675 1676
1675 1740
1675 1741
1676 1677
1676 1741
1676 1742
1677 1678
1677 1742
1677 1743
1678 1679
1678 1743
1678 1744
1679 1680
1679 1744
1679 1745
1680 1681
1680 1745
1680 1746
1681 1682
1681 1746
1681 1747
1682 1683
1682 1747
1682 1748
1683 1684
1683 1748
1683 1749
1684 1685
1684 1749
1684 1750
1685 1686
1685 1750
1685 1751
1686 1687
1686 1751
1686 1752
1687 1688
1687 1752
1687 1753
1688 1689
1688 1753
1688 1754
1689 1690
1689 1754
1689 1755
1690 1755
1691 1692
1691 1756
1691 1757
1692 1693
1692 1757
1692 1758
1693 1694
1693 1758
1693 1759
1694 1695
1694 1759
1694 1760
1695 1696
1695 1760
1695 1761
1696 1697
1696 1761
1696 1762
1697 1698
1697 1762
1697 1763
1698 1699
1698 1763
1698 1764
1699 1700
1699 1764
1699 1765
1700 1701
1700 1765
1700 1766
1701 1702
1701 1766
1701 1767
1702 1703
1702 1767
1702 1768
1703 1704
1703 1768
1703 1769
1704 1705
1704 1769
1704 1770
1705 1706
1705 1770
1705 1771
1706 1707
1706 1771
1706 1772
1707 1708
1707 1772
1707 1773
1708 1709
1708 1773
1708 1774
1709 1710
1709 1774
1709 1775
1710 1711
1710 1775
1710 1776
1711 1712
1711 1776
1711 1777
1712 1713
1712 1777
1712 1778
1713 1714
1713 1778
1713 1779
1714 1715
1714 1779
1714 1780
1715 1716
1715 1780
1715 1781
1716 1717
1716 1781
1716 1782
1717 1718
1717 1782
1717 1783
1718 1719
1718 1783
1718 1784
1719 1720
1719 1784
1719 1785
1720 1721
1720 1785
1720 1786
1721 1722
1721 1786
1721 1787
1722 1723
1722 1787
1722 1788
1723 1724
1723 1788
1723 1789
1724 1725
1724 1789
1724 1790
1725 1726
1725 1790
1725 1791
1726 1727
1726 1791
1726 1792
1727 1728
1727 1792
1727 1793
1728 1729
1728 1793
1728 1794
1729 1730
1729 1794
1729 1795
1730 1731
1730 1795
1730 1796
1731 1732
1731 1796
1731 1797
1732 1733
1732 1797
1732 1798
1733 1734
1733 1798
1733 1799
1734 1735
1734 1799
1734 1800
1735 1736
1735 1800
1735 1801
1736 1737
1736 1801
1736 1802
1737 1738
1737 1802
1737 1803
1738 1739
1738 1803
1738 1804
1739 1740
1739 1804
1739 1805
1740 1741
1740 1805
1740 1806
1741 1742
1741 1806
1741 1807
1742 1743
1742 1807
1742 1808
1743 1744
1743 1808
1743 1809
1744 1745
1744 1809
1744 1810
1745 1746
1745 1810
1745 1811
1746 1747
1746 1811
1746 1812
1747 1748
1747 1812
1747 1813
1748 1749
1748 1813
1748 1814
1749 1750
1749 1814
1749 1815
1750 1751
1750 1815
1750 1816
1751 1752
1751 1816
1751 1817
1752 1753
1752 1817
1752 1818
1753 1754
1753 1818
1753 1819
1754 1755
1754 1819
1754 1820
1755 1820
1756 1757
1756 1821
1756 1822
1757 1758
1757 1822
1757 1823
1758 1759
1758 1823
1758 1824
1759 1760
1759 1824
1759 1825
1760 1761
1760 1825
1760 1826
1761 1762
1761 1826
1761 1827
1762 1763
1762 1827
1762 1828
1763 1764
1763 1828
1763 1829
1764 1765
1764 1829
1764 1830
1765 1766
1765 1830
1765 1831
1766 1767
1766 1831
1766 1832
1767 1768
1767 1832
1767 1833
1768 1769
1768 1833
1768 1834
1769 1770
1769 1834
1769 1835
1770 1771
1770 1835
1770 1836
1771 1772
1771 1836
1771 1837
1772 1773
1772 1837
1772 1838
1773 1774
1773 1838
1773 1839
1774 1775
1774 1839
1774 1840
1775 1776
1775 1840
1775 1841
1776 1777
1776 1841
1776 1842
1777 1778
1777 1842
1777 1843
1778 1779
1778 1843
1778 1844
1779 1780
1779 1844
1779 1845
1780 1781
1780 1845
1780 1846
1781 1782
1781 1846
1781 1847
1782 1783
1782 1847
1782 1848
1783 1784
1783 1848
1783 1849
1784 1785
1784 1849
1784 1850
1785 1786
1785 1850
1785 1851
1786 1787
1786 1851
1786 1852
1787 1788
1787 1852
1787 1853
1788 1789
1788 1853
1788 1854
1789 1790
1789 1854
1789 1855
1790 1791
1790 1855
1790 1856
1791 1792
1791 1856
1791 1857
1792 1793
1792 1857
1792 1858
1793 1794
1793 1858
1793 1859
1794 1795
1794 1859
1794 1860
1795 1796
1795 1860
1795 1861
1796 1797
1796 1861
1796 1862
1797 1798
1797 1862
1797 1863
1798 1799
1798 1863
1798 1864
1799 1800
1799 1864
1799 1865
1800 1801
1800 1865
1800 1866
1801 1802
1801 1866
1801 1867
1802 1803
1802 1867
1802 1868
1803 1804
1803 1868
1803 1869
1804 1805
1804 1869
1804 1870
1805 1806
1805 1870
1805 1871
1806 1807
1806 1871
1806 1872
1807 1808
1807 1872
1807 1873
1808 1809
1808 1873
1808 1874
1809 1810
1809 1874
1809 1875
1810 1811
1810 1875
1810 1876
1811 1812
1811 1876
1811 1877
1812 1813
1812 1877
1812 1878
1813 1814
1813 1878
1813 1879
1814 1815
1814 1879
1814 1880
1815 1816
1815 1880
1815 1881
1816 1817
1816 1881
1816 1882
1817 1818
1817 1882
1817 1883
1818 1819
1818 1883
1818 1884
1819 1820
1819 1884
1819 1885
1820 1885
1821 1822
1821 1886
1821 1887
1822 1823
1822 1887
1822 1888
1823 1824
1823 1888
1823 1889
1824 1825
1824 1889
1824 1890
1825 1826
1825 1890
1825 1891
1826 1827
1826 1891
1826 1892
1827 1828
1827 1892
1827 1893
1828 1829
1828 1893
1828 1894
1829 1830
1829 1894
1829 1895
1830 1831
1830 1895
1830 1896
1831 1832
1831 1896
1831 1897
1832 1833
1832 1897
1832 1898
1833 1834
1833 1898
1833 1899
1834 1835
1834 1899
1834 1900
1835 1836
1835 1900
1835 1901
1836 1837
1836 1901
1836 1902
1837 1838
1837 1902
1837 1903
1838 1839
1838 1903
1838 1904
1839 1840
1839 1904
1839 1905
1840 1841
1840 1905
1840 1906
1841 1842
1841 1906
1841 1907
1842 1843
1842 1907
1842 1908
1843 1844
1843 1908
1843 1909
1844 1845
1844 1909
1844 1910
1845 1846
1845 1910
1845 1911
1846 1847
1846 1911
1846 1912
1847 1848
1847 1912
1847 1913
1848 1849
1848 1913
1848 1914
1849 1850
1849 1914
1849 1915
1850 1851
1850 1915
1850 1916
1851 1852
1851 1916
1851 1917
1852 1853
1852 1917
1852 1918
1853 1854
1853 1918
1853 1919
1854 1855
1854 1919
1854 1920
1855 1856
1855 1920
1855 1921
1856 1857
1856 1921
1856 1922
1857 1858
1857 1922
1857 1923
1858 1859
1858 1923
1858 1924
1859 1860
1859 1924
1859 1925
1860 1861
1860 1925
1860 1926
1861 1862
1861 1926
1861 1927
1862 1863
1862 1927
1862 1928
1863 1864
1863 1928
1863 1929
1864 1865
1864 1929
1864 1930
1865 1866
1865 1930
1865 1931
1866 1867
1866 1931
1866 1932
1867 1868
1867 1932
1867 1933
1868 1869
1868 1933
1868 1934
1869 1870
1869 1934
1869 1935
1870 1871
1870 1935
1870 1936
1871 1872
1871 1936
1871 1937
1872 1873
1872 1937
1872 1938
1873 1874
1873 1938
1873 1939
1874 1875
1874 1939
1874 1940
1875 1876
1875 1940
1875 1941
1876 1877
1876 1941
1876 1942
1877 1878
1877 1942
1877 1943
1878 1879
1878 1943
1878 1944
1879 1880
1879 1944
1879 1945
1880 1881
1880 1945
1880 1946
1881 1882
1881 1946
1881 1947
1882 1883
1882 1947
1882 1948
1883 1884
1883 1948
1883 1949
1884 1885
1884 1949
1884 1950
1885 1950
1886 1887
1886 1951
1886 1952
1887 1888
1887 1952
1887 1953
1888 1889
1888 1953
1888 1954
1889 1890
1889 1954
1889 1955
1890 1891
1890 1955
1890 1956
1891 1892
1891 1956
1891 1957
1892 1893
1892 1957
1892 1958
1893 1894
1893 1958
1893 1959
1894 1895
1894 1959
1894 1960
1895 1896
1895 1960
1895 1961
1896 1897
1896 1961
1896 1962
1897 1898
1897 1962
1897 1963
1898 1899
1898 1963
1898 1964
1899 1900
1899 1964
1899 1965
1900 1901
1900 1965
1900 1966
1901 1902
1901 1966
1901 1967
1902 1903
1902 1967
1902 1968
1903 1904
1903 1968
1903 1969
1904 1905
1904 1969
1904 1970
1905 1906
1905 1970
1905 1971
1906 1907
1906 1971
1906 1972
1907 1908
1907 1972
1907 1973
1908 1909
1908 1973
1908 1974
1909 1910
1909 1974
1909 1975
1910 1911
1910 1975
1910 1976
1911 1912
1911 1976
1911 1977
1912 1913
1912 1977
1912 1978
1913 1914
1913 1978
1913 1979
1914 1915
1914 1979
1914 1980
1915 1916
1915 1980
1915 1981
1916 1917
1916 1981
1916 1982
1917 1918
1917 1982
1917 1983
1918 1919
1918 1983
1918 1984
1919 1920
1919 1984
1919 1985
1920 1921
1920 1985
1920 1986
1921 1922
1921 1986
1921 1987
1922 1923
1922 1987
1922 1988
1923 1924
1923 1988
1923 1989
1924 1925
1924 1989
1924 1990
1925 1926
1925 1990
1925 1991
1926 1927
1926 1991
1926 1992
1927 1928
1927 1992
1927 1993
1928 1929
1928 1993
1928 1994
1929 1930
1929 1994
1929 1995
1930 1931
1930 1995
1930 1996
1931 1932
1931 1996
1931 1997
1932 1933
1932 1997
1932 1998
1933 1934
1933 1998
1933 1999
1934 1935
1934 1999
1934 2000
1935 1936
1935 2000
1935 2001
1936 1937
1936 2001
1936 2002
1937 1938
1937 2002
1937 2003
1938 1939
1938 2003
1938 2004
1939 1940
1939 2004
1939 2005
1940 1941
1940 2005
1940 2006
1941 1942
1941 2006
1941 2007
1942 1943
1942 2007
1942 2008
1943 1944
1943 2008
1943 2009
1944 1945
1944 2009
1944 2010
1945 1946
1945 2010
1945 2011
1946 1947
1946 2011
1946 2012
1947 1948
1947 2012
1947 2013
1948 1949
1948 2013
1948 2014
1949 1950
1949 2014
1949 2015
1950 2015
1951 1952
1951 2016
1951 2017
1952 1953
1952 2017
1952 2018
1953 1954
1953 2018
1953 2019
1954 1955
1954 2019
1954 2020
1955 1956
1955 2020
1955 2021
1956 1957
1956 2021
1956 2022
1957 1958
1957 2022
1957 2023
1958 1959
1958 2023
1958 2024
1959 1960
1959 2024
1959 2025
1960 1961
1960 2025
1960 2026
1961 1962
1961 2026
1961 2027
1962 1963
1962 2027
1962 2028
1963 1964
1963 2028
1963 2029
1964 1965
1964 2029
1964 2030
1965 1966
1965 2030
1965 2031
1966 1967
1966 2031
1966 2032
1967 1968
1967 2032
1967 2033
1968 1969
1968 2033
1968 2034
1969 1970
1969 2034
1969 2035
1970 1971
1970 2035
1970 2036
1971 1972
1971 2036
1971 2037
1972 1973
1972 2037
1972 2038
1973 1974
1973 2038
1973 2039
1974 1975
1974 2039
1974 2040
1975 1976
1975 2040
1975 2041
1976 1977
1976 2041
1976 2042
1977 1978
1977 2042
1977 2043
1978 1979
1978 2043
1978 2044
1979 1980
1979 2044
1979 2045
1980 1981
1980 2045
1980 2046
1981 1982
1981 2046
1981 2047
1982 1983
1982 2047
1982 2048
1983 1984
1983 2048
1983 2049
1984 1985
1984 2049
1984 2050
1985 1986
1985 2050
1985 2051
1986 1987
1986 2051
1986 2052
1987 1988
1987 2052
1987 2053
1988 1989
1988 2053
1988 2054
1989 1990
1989 2054
1989 2055
1990 1991
1990 2055
1990 2056
1991 1992
1991 2056
1991 2057
1992 1993
1992 2057
1992 2058
1993 1994
1993 2058
1993 2059
1994 1995
1994 2059
1994 2060
1995 1996
1995 2060
1995 2061
1996 1997
1996 2061
1996 2062
1997 1998
1997 2062
1997 2063
1998 1999
1998 2063
1998 2064
1999 2000
1999 2064
1999 2065
2000 2001
2000 2065
2000 2066
2001 2002
2001 2066
2001 2067
2002 2003
2002 2067
2002 2068
2003 2004
2003 2068
2003 2069
2004 2005
2004 2069
2004 2070
2005 2006
2005 2070
2005 2071
2006 2007
2006 2071
2006 2072
2007 2008
2007 2072
2007 2073
2008 2009
2008 2073
2008 2074
2009 2010
2009 2074
2009 2075
2010 2011
2010 2075
2010 2076
2011 2012
2011 2076
2011 2077
2012 2013
2012 2077
2012 2078
2013 2014
2013 2078
2013 2079
2014 2015
2014 2079
2014 2080
2015 2080
2016 2017
2016 2081
2016 2082
2017 2018
2017 2082
2017 2083
2018 2019
2018 2083
2018 2084
2019 2020
2019 2084
2019 2085
2020 2021
2020 2085
2020 2086
2021 2022
2021 2086
2021 2087
2022 2023
2022 2087
2022 2088
2023 2024
2023 2088
2023 2089
2024 2025
2024 2089
2024 2090
2025 2026
2025 2090
2025 2091
2026 2027
2026 2091
2026 2092
2027 2028
2027 2092
2027 2093
2028 2029
2028 2093
2028 2094
2029 2030
2029 2094
2029 2095
2030 2031
2030 2095
2030 2096
2031 2032
2031 2096
2031 2097
2032 2033
2032 2097
2032 2098
2033 2034
2033 2098
2033 2099
2034 2035
2034 2099
2034 2100
2035 2036
2035 2100
2035 2101
2036 2037
2036 2101
2036 2102
2037 2038
2037 2102
2037 2103
2038 2039
2038 2103
2038 2104
2039 2040
2039 2104
2039 2105
2040 2041
2040 2105
2040 2106
2041 2042
2041 2106
2041 2107
2042 2043
2042 2107
2042 2108
2043 2044
2043 2108
2043 2109
2044 2045
2044 2109
2044 2110
2045 2046
2045 2110
2045 2111
2046 2047
2046 2111
2046 2112
2047 2048
2047 2112
2047 2113
2048 2049
2048 2113
2048 2114
2049 2050
2049 2114
2049 2115
2050 2051
2050 2115
2050 2116
2051 2052
2051 2116
2051 2117
2052 2053
2052 2117
2052 2118
2053 2054
2053 2118
2053 2119
2054 2055
2054 2119
2054 2120
2055 2056
2055 2120
2055 2121
2056 2057
2056 2121
2056 2122
2057 2058
2057 2122
2057 2123
2058 2059
2058 2123
2058 2124
2059 2060
2059 2124
2059 2125
2060 2061
2060 2125
2060 2126
2061 2062
2061 2126
2061 2127
2062 2063
2062 2127
2062 2128
2063 2064
2063 2128
2063 2129
2064 2065
2064 2129
2064 2130
2065 2066
2065 2130
2065 2131
2066 2067
2066 2131
2066 2132
2067 2068
2067 2132
2067 2133
2068 2069
2068 2133
2068 2134
2069 2070
2069 2134
2069 2135
2070 2071
2070 2135
2070 2136
2071 2072
2071 2136
2071 2137
2072 2073
2072 2137
2072 2138
2073 2074
2073 2138
2073 2139
2074 2075
2074 2139
2074 2140
2075 2076
2075 2140
2075 2141
2076 2077
2076 2141
2076 2142
2077 2078
2077 2142
2077 2143
2078 2079
2078 2143
2078 2144
2079 2080
2079 2144
2079 2145
2080 2145
2081 2082
2081 2146
2081 2147
2082 2083
2082 2147
2082 2148
2083 2084
2083 2148
2083 2149
2084 2085
2084 2149
2084 2150
2085 2086
2085 2150
2085 2151
2086 2087
2086 2151
2086 2152
2087 2088
2087 2152
2087 2153
2088 2089
2088 2153
2088 2154
2089 2090
2089 2154
2089 2155
2090 2091
2090 2155
2090 2156
2091 2092
2091 2156
2091 2157
2092 2093
2092 2157
2092 2158
2093 2094
2093 2158
2093 2159
2094 2095
2094 2159
2094 2160
2095 2096
2095 2160
2095 2161
2096 2097
2096 2161
2096 2162
2097 2098
2097 2162
2097 2163
2098 2099
2098 2163
2098 2164
2099 2100
2099 2164
2099 2165
2100 2101
2100 2165
2100 2166
2101 2102
2101 2166
2101 2167
2102 2103
2102 2167
2102 2168
2103 2104
2103 2168
2103 2169
2104 2105
2104 2169
2104 2170
2105 2106
2105 2170
2105 2171
2106 2107
2106 2171
2106 2172
2107 2108
2107 2172
2107 2173
2108 2109
2108 2173
2108 2174
2109 2110
2109 2174
2109 2175
2110 2111
2110 2175
2110 2176
2111 2112
2111 2176
2111 2177
2112 2113
2112 2177
2112 2178
2113 2114
2113 2178
2113 2179
2114 2115
2114 2179
2114 2180
2115 2116
2115 2180
2115 2181
2116 2117
2116 2181
2116 2182
2117 2118
2117 2182
2117 2183
2118 2119
2118 2183
2118 2184
2119 2120
2119 2184
2119 2185
2120 2121
2120 2185
2120 2186
2121 2122
2121 2186
2121 2187
2122 2123
2122 2187
2122 2188
2123 2124
2123 2188
2123 2189
2124 2125
2124 2189
2124 2190
2125 2126
2125 2190
2125 2191
2126 2127
2126 2191
2126 2192
2127 2128
2127 2192
2127 2193
2128 2129
2128 2193
2128 2194
2129 2130
2129 2194
2129 2195
2130 2131
2130 2195
2130 2196
2131 2132
2131 2196
2131 2197
2132 2133
2132 2197
2132 2198
2133 2134
2133 2198
2133 2199
2134 2135
2134 2199
2134 2200
2135 2136
2135 2200
2135 2201
2136 2137
2136 2201
2136 2202
2137 2138
2137 2202
2137 2203
2138 2139
2138 2203
2138 2204
2139 2140
2139 2204
2139 2205
2140 2141
2140 2205
2140 2206
2141 2142
2141 2206
2141 2207
2142 2143
2142 2207
2142 2208
2143 2144
2143 2208
2143 2209
2144 2145
2144 2209
2144 2210
2145 2210
2146 2147
2146 2211
2146 2212
2147 2148
2147 2212
2147 2213
2148 2149
2148 2213
2148 2214
2149 2150
2149 2214
2149 2215
2150 2151
2150 2215
2150 2216
2151 2152
2151 2216
2151 2217
2152 2153
2152 2217
2152 2218
2153 2154
2153 2218
2153 2219
2154 2155
2154 2219
2154 2220
2155 2156
2155 2220
2155 2221
2156 2157
2156 2221
2156 2222
2157 2158
2157 2222
2157 2223
2158 2159
2158 2223
2158 2224
2159 2160
2159 2224
2159 2225
2160 2161
2160 2225
2160 2226
2161 2162
2161 2226
2161 2227
2162 2163
2162 2227
2162 2228
2163 2164
2163 2228
2163 2229
2164 2165
2164 2229
2164 2230
2165 2166
2165 2230
2165 2231
2166 2167
2166 2231
2166 2232
2167 2168
2167 2232
2167 2233
2168 2169
2168 2233
2168 2234
2169 2170
2169 2234
2169 2235
2170 2171
2170 2235
2170 2236
2171 2172
2171 2236
2171 2237
2172 2173
2172 2237
2172 2238
2173 2174
2173 2238
2173 2239
2174 2175
2174 2239
2174 2240
2175 2176
2175 2240
2175 2241
2176 2177
2176 2241
2176 2242
2177 2178
2177 2242
2177 2243
2178 2179
2178 2243
2178 2244
2179 2180
2179 2244
2179 2245
2180 2181
2180 2245
2180 2246
2181 2182
2181 2246
2181 2247
2182 2183
2182 2247
2182 2248
2183 2184
2183 2248
2183 2249
2184 2185
2184 2249
2184 2250
2185 2186
2185 2250
2185 2251
2186 2187
2186 2251
2186 2252
2187 2188
2187 2252
2187 2253
2188 2189
2188 2253
2188 2254
2189 2190
2189 2254
2189 2255
2190 2191
2190 2255
2190 2256
2191 2192
2191 2256
2191 2257
2192 2193
2192 2257
2192 2258
2193 2194
2193 2258
2193 2259
2194 2195
2194 2259
2194 2260
2195 2196
2195 2260
2195 2261
2196 2197
2196 2261
2196 2262
2197 2198
2197 2262
2197 2263
2198 2199
2198 2263
2198 2264
2199 2200
2199 2264
2199 2265
2200 2201
2200 2265
2200 2266
2201 2202
2201 2266
2201 2267
2202 2203
2202 2267
2202 2268
2203 2204
2203 2268
2203 2269
2204 2205
2204 2269
2204 2270
2205 2206
2205 2270
2205 2271
2206 2207
2206 2271
2206 2272
2207 2208
2207 2272
2207 2273
2208 2209
2208 2273
2208 2274
2209 2210
2209 2274
2209 2275
2210 2275
2211 2212
2211 2276
2211 2277
2212 2213
2212 2277
2212 2278
2213 2214
2213 2278
2213 2279
2214 2215
2214 2279
2214 2280
2215 2216
2215 2280
2215 2281
2216 2217
2216 2281
2216 2282
2217 2218
2217 2282
2217 2283
2218 2219
2218 2283
2218 2284
2219 2220
2219 2284
2219 2285
2220 2221
2220 2285
2220 2286
2221 2222
2221 2286
2221 2287
2222 2223
2222 2287
2222 2288
2223 2224
2223 2288
2223 2289
2224 2225
2224 2289
2224 2290
2225 2226
2225 2290
2225 2291
2226 2227
2226 2291
2226 2292
2227 2228
2227 2292
2227 2293
2228 2229
2228 2293
2228 2294
2229 2230
2229 2294
2229 2295
2230 2231
2230 2295
2230 2296
2231 2232
2231 2296
2231 2297
2232 2233
2232 2297
2232 2298
2233 2234
2233 2298
2233 2299
2234 2235
2234 2299
2234 2300
2235 2236
2235 2300
2235 2301
2236 2237
2236 2301
2236 2302
2237 2238
2237 2302
2237 2303
2238 2239
2238 2303
2238 2304
2239 2240
2239 2304
2239 2305
2240 2241
2240 2305
2240 2306
2241 2242
2241 2306
2241 2307
2242 2243
2242 2307
2242 2308
2243 2244
2243 2308
2243 2309
2244 2245
2244 2309
2244 2310
2245 2246
2245 2310
2245 2311
2246 2247
2246 2311
2246 2312
2247 2248
2247 2312
2247 2313
2248 2249
2248 2313
2248 2314
2249 2250
2249 2314
2249 2315
2250 2251
2250 2315
2250 2316
2251 2252
2251 2316
2251 2317
2252 2253
2252 2317
2252 2318
2253 2254
2253 2318
2253 2319
2254 2255
2254 2319
2254 2320
2255 2256
2255 2320
2255 2321
2256 2257
2256 2321
2256 2322
2257 2258
2257 2322
2257 2323
2258 2259
2258 2323
2258 2324
2259 2260
2259 2324
2259 2325
2260 2261
2260 2325
2260 2326
2261 2262
2261 2326
2261 2327
2262 2263
2262 2327
2262 2328
2263 2264
2263 2328
2263 2329
2264 2265
2264 2329
2264 2330
2265 2266
2265 2330
2265 2331
2266 2267
2266 2331
2266 2332
2267 2268
2267 2332
2267 2333
2268 2269
2268 2333
2268 2334
2269 2270
2269 2334
2269 2335
2270 2271
2270 2335
2270 2336
2271 2272
2271 2336
2271 2337
2272 2273
2272 2337
2272 2338
2273 2274
2273 2338
2273 2339
2274 2275
2274 2339
2274 2340
2275 2340
2276 2277
2276 2341
2276 2342
2277 2278
2277 2342
2277 2343
2278 2279
2278 2343
2278 2344
2279 2280
2279 2344
2279 2345
2280 2281
2280 2345
2280 2346
2281 2282
2281 2346
2281 2347
2282 2283
2282 2347
2282 2348
2283 2284
2283 2348
2283 2349
2284 2285
2284 2349
2284 2350
2285 2286
2285 2350
2285 2351
2286 2287
2286 2351
2286 2352
2287 2288
2287 2352
2287 2353
2288 2289
2288 2353
2288 2354
2289 2290
2289 2354
2289 2355
2290 2291
2290 2355
2290 2356
2291 2292
2291 2356
2291 2357
2292 2293
2292 2357
2292 2358
2293 2294
2293 2358
2293 2359
2294 2295
2294 2359
2294 2360
2295 2296
2295 2360
2295 2361
2296 2297
2296 2361
2296 2362
2297 2298
2297 2362
2297 2363
2298 2299
2298 2363
2298 2364
2299 2300
2299 2364
2299 2365
2300 2301
2300 2365
2300 2366
2301 2302
2301 2366
2301 2367
2302 2303
2302 2367
2302 2368
2303 2304
2303 2368
2303 2369
2304 2305
2304 2369
2304 2370
2305 2306
2305 2370
2305 2371
2306 2307
2306 2371
2306 2372
2307 2308
2307 2372
2307 2373
2308 2309
2308 2373
2308 2374
2309 2310
2309 2374
2309 2375
2310 2311
2310 2375
2310 2376
2311 2312
2311 2376
2311 2377
2312 2313
2312 2377
2312 2378
2313 2314
2313 2378
2313 2379
2314 2315
2314 2379
2314 2380
2315 2316
2315 2380
2315 2381
2316 2317
2316 2381
2316 2382
2317 2318
2317 2382
2317 2383
2318 2319
2318 2383
2318 2384
2319 2320
2319 2384
2319 2385
2320 2321
2320 2385
2320 2386
2321 2322
2321 2386
2321 2387
2322 2323
2322 2387
2322 2388
2323 2324
2323 2388
2323 2389
2324 2325
2324 2389
2324 2390
2325 2326
2325 2390
2325 2391
2326 2327
2326 2391
2326 2392
2327 2328
2327 2392
2327 2393
2328 2329
2328 2393
2328 2394
2329 2330
2329 2394
2329 2395
2330 2331
2330 2395
2330 2396
2331 2332
2331 2396
2331 2397
2332 2333
2332 2397
2332 2398
2333 2334
2333 2398
2333 2399
2334 2335
2334 2399
2334 2400
2335 2336
2335 2400
2335 2401
2336 2337
2336 2401
2336 2402
2337 2338
2337 2402
2337 2403
2338 2339
2338 2403
2338 2404
2339 2340
2339 2404
2339 2405
2340 2405
2341 2342
2341 2406
2341 2407
2342 2343
2342 2407
2342 2408
2343 2344
2343 2408
2343 2409
2344 2345
2344 2409
2344 2410
2345 2346
2345 2410
2345 2411
2346 2347
2346 2411
2346 2412
2347 2348
2347 2412
2347 2413
2348 2349
2348 2413
2348 2414
2349 2350
2349 2414
2349 2415
2350 2351
2350 2415
2350 2416
2351 2352
2351 2416
2351 2417
2352 2353
2352 2417
2352 2418
2353 2354
2353 2418
2353 2419
2354 2355
2354 2419
2354 2420
2355 2356
2355 2420
2355 2421
2356 2357
2356 2421
2356 2422
2357 2358
2357 2422
2357 2423
2358 2359
2358 2423
2358 2424
2359 2360
2359 2424
2359 2425
2360 2361
2360 2425
2360 2426
2361 2362
2361 2426
2361 2427
2362 2363
2362 2427
2362 2428
2363 2364
2363 2428
2363 2429
2364 2365
2364 2429
2364 2430
2365 2366
2365 2430
2365 2431
2366 2367
2366 2431
2366 2432
2367 2368
2367 2432
2367 2433
2368 2369
2368 2433
2368 2434
2369 2370
2369 2434
2369 2435
2370 2371
2370 2435
2370 2436
2371 2372
2371 2436
2371 2437
2372 2373
2372 2437
2372 2438
2373 2374
2373 2438
2373 2439
2374 2375
2374 2439
2374 2440
2375 2376
2375 2440
2375 2441
2376 2377
2376 2441
2376 2442
2377 2378
2377 2442
2377 2443
2378 2379
2378 2443
2378 2444
2379 2380
2379 2444
2379 2445
2380 2381
2380 2445
2380 2446
2381 2382
2381 2446
2381 2447
2382 2383
2382 2447
2382 2448
2383 2384
2383 2448
2383 2449
2384 2385
2384 2449
2384 2450
2385 2386
2385 2450
2385 2451
2386 2387
2386 2451
2386 2452
2387 2388
2387 2452
2387 2453
2388 2389
2388 2453
2388 2454
2389 2390
2389 2454
2389 2455
2390 2391
2390 2455
2390 2456
2391 2392
2391 2456
2391 2457
2392 2393
2392 2457
2392 2458
2393 2394
2393 2458
2393 2459
2394 2395
2394 2459
2394 2460
2395 2396
2395 2460
2395 2461
2396 2397
2396 2461
2396 2462
2397 2398
2397 2462
2397 2463
2398 2399
2398 2463
2398 2464
2399 2400
2399 2464
2399 2465
2400 2401
2400 2465
2400 2466
2401 2402
2401 2466
2401 2467
2402 2403
2402 2467
2402 2468
2403 2404
2403 2468
2403 2469
2404 2405
2404 2469
2404 2470
2405 2470
2406 2407
2406 2471
2406 2472
2407 2408
2407 2472
2407 2473
2408 2409
2408 2473
2408 2474
2409 2410
2409 2474
2409 2475
2410 2411
2410 2475
2410 2476
2411 2412
2411 2476
2411 2477
2412 2413
2412 2477
2412 2478
2413 2414
2413 2478
2413 2479
2414 2415
2414 2479
2414 2480
2415 2416
2415 2480
2415 2481
2416 2417
2416 2481
2416 2482
2417 2418
2417 2482
2417 2483
2418 2419
2418 2483
2418 2484
2419 2420
2419 2484
2419 2485
2420 2421
2420 2485
2420 2486
2421 2422
2421 2486
2421 2487
2422 2423
2422 2487
2422 2488
2423 2424
2423 2488
2423 2489
2424 2425
2424 2489
2424 2490
2425 2426
2425 2490
2425 2491
2426 2427
2426 2491
2426 2492
2427 2428
2427 2492
2427 2493
2428 2429
2428 2493
2428 2494
2429 2430
2429 2494
2429 2495
2430 2431
2430 2495
2430 2496
2431 2432
2431 2496
2431 2497
2432 2433
2432 2497
2432 2498
2433 2434
2433 2498
2433 2499
2434 2435
2434 2499
2434 2500
2435 2436
2435 2500
2435 2501
2436 2437
2436 2501
2436 2502
2437 2438
2437 2502
2437 2503
2438 2439
2438 2503
2438 2504
2439 2440
2439 2504
2439 2505
2440 2441
2440 2505
2440 2506
2441 2442
2441 2506
2441 2507
2442 2443
2442 2507
2442 2508
2443 2444
2443 2508
2443 2509
2444 2445
2444 2509
2444 2510
2445 2446
2445 2510
2445 2511
2446 2447
2446 2511
2446 2512
2447 2448
2447 2512
2447 2513
2448 2449
2448 2513
2448 2514
2449 2450
2449 2514
2449 2515
2450 2451
2450 2515
2450 2516
2451 2452
2451 2516
2451 2517
2452 2453
2452 2517
2452 2518
2453 2454
2453 2518
2453 2519
2454 2455
2454 2519
2454 2520
2455 2456
2455 2520
2455 2521
2456 2457
2456 2521
2456 2522
2457 2458
2457 2522
2457 2523
2458 2459
2458 2523
2458 2524
2459 2460
2459 2524
2459 2525
2460 2461
2460 2525
2460 2526
2461 2462
2461 2526
2461 2527
2462 2463
2462 2527
2462 2528
2463 2464
2463 2528
2463 2529
2464 2465
2464 2529
2464 2530
2465 2466
2465 2530
2465 2531
2466 2467
2466 2531
2466 2532
2467 2468
2467 2532
2467 2533
2468 2469
2468 2533
2468 2534
2469 2470
2469 2534
2469 2535
2470 2535
2471 2472
2471 2536
2471 2537
2472 2473
2472 2537
2472 2538
2473 2474
2473 2538
2473 2539
2474 2475
2474 2539
2474 2540
2475 2476
2475 2540
2475 2541
2476 2477
2476 2541
2476 2542
2477 2478
2477 2542
2477 2543
2478 2479
2478 2543
2478 2544
2479 2480
2479 2544
2479 2545
2480 2481
2480 2545
2480 2546
2481 2482
2481 2546
2481 2547
2482 2483
2482 2547
2482 2548
2483 2484
2483 2548
2483 2549
2484 2485
2484 2549
2484 2550
2485 2486
2485 2550
2485 2551
2486 2487
2486 2551
2486 2552
2487 2488
2487 2552
2487 2553
2488 2489
2488 2553
2488 2554
2489 2490
2489 2554
2489 2555
2490 2491
2490 2555
2490 2556
2491 2492
2491 2556
2491 2557
2492 2493
2492 2557
2492 2558
2493 2494
2493 2558
2493 2559
2494 2495
2494 2559
2494 2560
2495 2496
2495 2560
2495 2561
2496 2497
2496 2561
2496 2562
2497 2498
2497 2562
2497 2563
2498 2499
2498 2563
2498 2564
2499 2500
2499 2564
2499 2565
2500 2501
2500 2565
2500 2566
2501 2502
2501 2566
2501 2567
2502 2503
2502 2567
2502 2568
2503 2504
2503 2568
2503 2569
2504 2505
2504 2569
2504 2570
2505 2506
2505 2570
2505 2571
2506 2507
2506 2571
2506 2572
2507 2508
2507 2572
2507 2573
2508 2509
2508 2573
2508 2574
2509 2510
2509 2574
2509 2575
2510 2511
2510 2575
2510 2576
2511 2512
2511 2576
2511 2577
2512 2513
2512 2577
2512 2578
2513 2514
2513 2578
2513 2579
2514 2515
2514 2579
2514 2580
2515 2516
2515 2580
2515 2581
2516 2517
2516 2581
2516 2582
2517 2518
2517 2582
2517 2583
2518 2519
2518 2583
2518 2584
2519 2520
2519 2584
2519 2585
2520 2521
2520 2585
2520 2586
2521 2522
2521 2586
2521 2587
2522 2523
2522 2587
2522 2588
2523 2524
2523 2588
2523 2589
2524 2525
2524 2589
2524 2590
2525 2526
2525 2590
2525 2591
2526 2527
2526 2591
2526 2592
2527 2528
2527 2592
2527 2593
2528 2529
2528 2593
2528 2594
2529 2530
2529 2594
2529 2595
2530 2531
2530 2595
2530 2596
2531 2532
2531 2596
2531 2597
2532 2533
2532 2597
2532 2598
2533 2534
2533 2598
2533 2599
2534 2535
2534 2599
2534 2600
2535 2600
2536 2537
2536 2601
2536 2602
2537 2538
2537 2602
2537 2603
2538 2539
2538 2603
2538 2604
2539 2540
2539 2604
2539 2605
2540 2541
2540 2605
2540 2606
2541 2542
2541 2606
2541 2607
2542 2543
2542 2607
2542 2608
2543 2544
2543 2608
2543 2609
2544 2545
2544 2609
2544 2610
2545 2546
2545 2610
2545 2611
2546 2547
2546 2611
2546 2612
2547 2548
2547 2612
2547 2613
2548 2549
2548 2613
2548 2614
2549 2550
2549 2614
2549 2615
2550 2551
2550 2615
2550 2616
2551 2552
2551 2616
2551 2617
2552 2553
2552 2617
2552 2618
2553 2554
2553 2618
2553 2619
2554 2555
2554 2619
2554 2620
2555 2556
2555 2620
2555 2621
2556 2557
2556 2621
2556 2622
2557 2558
2557 2622
2557 2623
2558 2559
2558 2623
2558 2624
2559 2560
2559 2624
2559 2625
2560 2561
2560 2625
2560 2626
2561 2562
2561 2626
2561 2627
2562 2563
2562 2627
2562 2628
2563 2564
2563 2628
2563 2629
2564 2565
2564 2629
2564 2630
2565 2566
2565 2630
2565 2631
2566 2567
2566 2631
2566 2632
2567 2568
2567 2632
2567 2633
2568 2569
2568 2633
2568 2634
2569 2570
2569 2634
2569 2635
2570 2571
2570 2635
2570 2636
2571 2572
2571 2636
2571 2637
2572 2573
2572 2637
2572 2638
2573 2574
2573 2638
2573 2639
2574 2575
2574 2639
2574 2640
2575 2576
2575 2640
2575 2641
2576 2577
2576 2641
2576 2642
2577 2578
2577 2642
2577 2643
2578 2579
2578 2643
2578 2644
2579 2580
2579 2644
2579 2645
2580 2581
2580 2645
2580 2646
2581 2582
2581 2646
2581 2647
2582 2583
2582 2647
2582 2648
2583 2584
2583 2648
2583 2649
2584 2585
2584 2649
2584 2650
2585 2586
2585 2650
2585 2651
2586 2587
2586 2651
2586 2652
2587 2588
2587 2652
2587 2653
2588 2589
2588 2653
2588 2654
2589 2590
2589 2654
2589 2655
2590 2591
2590 2655
2590 2656
2591 2592
2591 2656
2591 2657
2592 2593
2592 2657
2592 2658
2593 2594
2593 2658
2593 2659
2594 2595
2594 2659
2594 2660
2595 2596
2595 2660
2595 2661
2596 2597
2596 2661
2596 2662
2597 2598
2597 2662
2597 2663
2598 2599
2598 2663
2598 2664
2599 2600
2599 2664
2599 2665
2600 2665
2601 2602
2601 2666
2601 2667
2602 2603
2602 2667
2602 2668
2603 2604
2603 2668
2603 2669
2604 2605
2604 2669
2604 2670
2605 2606
2605 2670
2605 2671
2606 2607
2606 2671
2606 2672
2607 2608
2607 2672
2607 2673
2608 2609
2608 2673
2608 2674
2609 2610
2609 2674
2609 2675
2610 2611
2610 2675
2610 2676
2611 2612
2611 2676
2611 2677
2612 2613
2612 2677
2612 2678
2613 2614
2613 2678
2613 2679
2614 2615
2614 2679
2614 2680
2615 2616
2615 2680
2615 2681
2616 2617
2616 2681
2616 2682
2617 2618
2617 2682
2617 2683
2618 2619
2618 2683
2618 2684
2619 2620
2619 2684
2619 2685
2620 2621
2620 2685
2620 2686
2621 2622
2621 2686
2621 2687
2622 2623
2622 2687
2622 2688
2623 2624
2623 2688
2623 2689
2624 2625
2624 2689
2624 2690
2625 2626
2625 2690
2625 2691
2626 2627
2626 2691
2626 2692
2627 2628
2627 2692
2627 2693
2628 2629
2628 2693
2628 2694
2629 2630
2629 2694
2629 2695
2630 2631
2630 2695
2630 2696
2631 2632
2631 2696
2631 2697
2632 2633
2632 2697
2632 2698
2633 2634
2633 2698
2633 2699
2634 2635
2634 2699
2634 2700
2635 2636
2635 2700
2635 2701
2636 2637
2636 2701
2636 2702
2637 2638
2637 2702
2637 2703
2638 2639
2638 2703
2638 2704
2639 2640
2639 2704
2639 2705
2640 2641
2640 2705
2640 2706
2641 2642
2641 2706
2641 2707
2642 2643
2642 2707
2642 2708
2643 2644
2643 2708
2643 2709
2644 2645
2644 2709
2644 2710
2645 2646
2645 2710
2645 2711
2646 2647
2646 2711
2646 2712
2647 2648
2647 2712
2647 2713
2648 2649
2648 2713
2648 2714
2649 2650
2649 2714
2649 2715
2650 2651
2650 2715
2650 2716
2651 2652
2651 2716
2651 2717
2652 2653
2652 2717
2652 2718
2653 2654
2653 2718
2653 2719
2654 2655
2654 2719
2654 2720
2655 2656
2655 2720
2655 2721
2656 2657
2656 2721
2656 2722
2657 2658
2657 2722
2657 2723
2658 2659
2658 2723
2658 2724
2659 2660
2659 2724
2659 2725
2660 2661
2660 2725
2660 2726
2661 2662
2661 2726
2661 2727
2662 2663
2662 2727
2662 2728
2663 2664
2663 2728
2663 2729
2664 2665
2664 2729
2664 2730
2665 2730
2666 2667
2666 2731
2666 2732
2667 2668
2667 2732
2667 2733
2668 2669
2668 2733
2668 2734
2669 2670
2669 2734
2669 2735
2670 2671
2670 2735
2670 2736
2671 2672
2671 2736
2671 2737
2672 2673
2672 2737
2672 2738
2673 2674
2673 2738
2673 2739
2674 2675
2674 2739
2674 2740
2675 2676
2675 2740
2675 2741
2676 2677
2676 2741
2676 2742
2677 2678
2677 2742
2677 2743
2678 2679
2678 2743
2678 2744
2679 2680
2679 2744
2679 2745
2680 2681
2680 2745
2680 2746
2681 2682
2681 2746
2681 2747
2682 2683
2682 2747
2682 2748
2683 2684
2683 2748
2683 2749
2684 2685
2684 2749
2684 2750
2685 2686
2685 2750
2685 2751
2686 2687
2686 2751
2686 2752
2687 2688
2687 2752
2687 2753
2688 2689
2688 2753
2688 2754
2689 2690
2689 2754
2689 2755
2690 2691
2690 2755
2690 2756
2691 2692
2691 2756
2691 2757
2692 2693
2692 2757
2692 2758
2693 2694
2693 2758
2693 2759
2694 2695
2694 2759
2694 2760
2695 2696
2695 2760
2695 2761
2696 2697
2696 2761
2696 2762
2697 2698
2697 2762
2697 2763
2698 2699
2698 2763
2698 2764
2699 2700
2699 2764
2699 2765
2700 2701
2700 2765
2700 2766
2701 2702
2701 2766
2701 2767
2702 2703
2702 2767
2702 2768
2703 2704
2703 2768
2703 2769
2704 2705
2704 2769
2704 2770
2705 2706
2705 2770
2705 2771
2706 2707
2706 2771
2706 2772
2707 2708
2707 2772
2707 2773
2708 2709
2708 2773
2708 2774
2709 2710
2709 2774
2709 2775
2710 2711
2710 2775
2710 2776
2711 2712
2711 2776
2711 2777
2712 2713
2712 2777
2712 2778
2713 2714
2713 2778
2713 2779
2714 2715
2714 2779
2714 2780
2715 2716
2715 2780
2715 2781
2716 2717
2716 2781
2716 2782
2717 2718
2717 2782
2717 2783
2718 2719
2718 2783
2718 2784
2719 2720
2719 2784
2719 2785
2720 2721
2720 2785
2720 2786
2721 2722
2721 2786
2721 2787
2722 2723
2722 2787
2722 2788
2723 2724
2723 2788
2723 2789
2724 2725
2724 2789
2724 2790
2725 2726
2725 2790
2725 2791
2726 2727
2726 2791
2726 2792
2727 2728
2727 2792
2727 2793
2728 2729
2728 2793
2728 2794
2729 2730
2729 2794
2729 2795
2730 2795
2731 2732
2731 2796
2731 2797
2732 2733
2732 2797
2732 2798
2733 2734
2733 2798
2733 2799
2734 2735
2734 2799
2734 2800
2735 2736
2735 2800
2735 2801
2736 2737
2736 2801
2736 2802
2737 2738
2737 2802
2737 2803
2738 2739
2738 2803
2738 2804
2739 2740
2739 2804
2739 2805
2740 2741
2740 2805
2740 2806
2741 2742
2741 2806
2741 2807
2742 2743
2742 2807
2742 2808
2743 2744
2743 2808
2743 2809
2744 2745
2744 2809
2744 2810
2745 2746
2745 2810
2745 2811
2746 2747
2746 2811
2746 2812
2747 2748
2747 2812
2747 2813
2748 2749
2748 2813
2748 2814
2749 2750
2749 2814
2749 2815
2750 2751
2750 2815
2750 2816
2751 2752
2751 2816
2751 2817
2752 2753
2752 2817
2752 2818
2753 2754
2753 2818
2753 2819
2754 2755
2754 2819
2754 2820
2755 2756
2755 2820
2755 2821
2756 2757
2756 2821
2756 2822
2757 2758
2757 2822
2757 2823
2758 2759
2758 2823
2758 2824
2759 2760
2759 2824
2759 2825
2760 2761
2760 2825
2760 2826
2761 2762
2761 2826
2761 2827
2762 2763
2762 2827
2762 2828
2763 2764
2763 2828
2763 2829
2764 2765
2764 2829
2764 2830
2765 2766
2765 2830
2765 2831
2766 2767
2766 2831
2766 2832
2767 2768
2767 2832
2767 2833
2768 2769
2768 2833
2768 2834
2769 2770
2769 2834
2769 2835
2770 2771
2770 2835
2770 2836
2771 2772
2771 2836
2771 2837
2772 2773
2772 2837
2772 2838
2773 2774
2773 2838
2773 2839
2774 2775
2774 2839
2774 2840
2775 2776
2775 2840
2775 2841
2776 2777
2776 2841
2776 2842
2777 2778
2777 2842
2777 2843
2778 2779
2778 2843
2778 2844
2779 2780
2779 2844
2779 2845
2780 2781
2780 2845
2780 2846
2781 2782
2781 2846
2781 2847
2782 2783
2782 2847
2782 2848
2783 2784
2783 2848
2783 2849
2784 2785
2784 2849
2784 2850
2785 2786
2785 2850
2785 2851
2786 2787
2786 2851
2786 2852
2787 2788
2787 2852
2787 2853
2788 2789
2788 2853
2788 2854
2789 2790
2789 2854
2789 2855
2790 2791
2790 2855
2790 2856
2791 2792
2791 2856
2791 2857
2792 2793
2792 2857
2792 2858
2793 2794
2793 2858
2793 2859
2794 2795
2794 2859
2794 2860
2795 2860
2796 2797
2796 2861
2796 2862
2797 2798
2797 2862
2797 2863
2798 2799
2798 2863
2798 2864
2799 2800
2799 2864
2799 2865
2800 2801
2800 2865
2800 2866
2801 2802
2801 2866
2801 2867
2802 2803
2802 2867
2802 2868
2803 2804
2803 2868
2803 2869
2804 2805
2804 2869
2804 2870
2805 2806
2805 2870
2805 2871
2806 2807
2806 2871
2806 2872
2807 2808
2807 2872
2807 2873
2808 2809
2808 2873
2808 2874
2809 2810
2809 2874
2809 2875
2810 2811
2810 2875
2810 2876
2811 2812
2811 2876
2811 2877
2812 2813
2812 2877
2812 2878
2813 2814
2813 2878
2813 2879
2814 2815
2814 2879
2814 2880
2815 2816
2815 2880
2815 2881
2816 2817
2816 2881
2816 2882
2817 2818
2817 2882
2817 2883
2818 2819
2818 2883
2818 2884
2819 2820
2819 2884
2819 2885
2820 2821
2820 2885
2820 2886
2821 2822
2821 2886
2821 2887
2822 2823
2822 2887
2822 2888
2823 2824
2823 2888
2823 2889
2824 2825
2824 2889
2824 2890
2825 2826
2825 2890
2825 2891
2826 2827
2826 2891
2826 2892
2827 2828
2827 2892
2827 2893
2828 2829
2828 2893
2828 2894
2829 2830
2829 2894
2829 2895
2830 2831
2830 2895
2830 2896
2831 2832
2831 2896
2831 2897
2832 2833
2832 2897
2832 2898
2833 2834
2833 2898
2833 2899
2834 2835
2834 2899
2834 2900
2835 2836
2835 2900
2835 2901
2836 2837
2836 2901
2836 2902
2837 2838
2837 2902
2837 2903
2838 2839
2838 2903
2838 2904
2839 2840
2839 2904
2839 2905
2840 2841
2840 2905
2840 2906
2841 2842
2841 2906
2841 2907
2842 2843
2842 2907
2842 2908
2843 2844
2843 2908
2843 2909
2844 2845
2844 2909
2844 2910
2845 2846
2845 2910
2845 2911
2846 2847
2846 2911
2846 2912
2847 2848
2847 2912
2847 2913
2848 2849
2848 2913
2848 2914
2849 2850
2849 2914
2849 2915
2850 2851
2850 2915
2850 2916
2851 2852
2851 2916
2851 2917
2852 2853
2852 2917
2852 2918
2853 2854
2853 2918
2853 2919
2854 2855
2854 2919
2854 2920
2855 2856
2855 2920
2855 2921
2856 2857
2856 2921
2856 2922
2857 2858
2857 2922
2857 2923
2858 2859
2858 2923
2858 2924
2859 2860
2859 2924
2859 2925
2860 2925
2861 2862
2861 2926
2861 2927
2862 2863
2862 2927
2862 2928
2863 2864
2863 2928
2863 2929
2864 2865
2864 2929
2864 2930
2865 2866
2865 2930
2865 2931
2866 2867
2866 2931
2866 2932
2867 2868
2867 2932
2867 2933
2868 2869
2868 2933
2868 2934
2869 2870
2869 2934
2869 2935
2870 2871
2870 2935
2870 2936
2871 2872
2871 2936
2871 2937
2872 2873
2872 2937
2872 2938
2873 2874
2873 2938
2873 2939
2874 2875
2874 2939
2874 2940
2875 2876
2875 2940
2875 2941
2876 2877
2876 2941
2876 2942
2877 2878
2877 2942
2877 2943
2878 2879
2878 2943
2878 2944
2879 2880
2879 2944
2879 2945
2880 2881
2880 2945
2880 2946
2881 2882
2881 2946
2881 2947
2882 2883
2882 2947
2882 2948
2883 2884
2883 2948
2883 2949
2884 2885
2884 2949
2884 2950
2885 2886
2885 2950
2885 2951
2886 2887
2886 2951
2886 2952
2887 2888
2887 2952
2887 2953
2888 2889
2888 2953
2888 2954
2889 2890
2889 2954
2889 2955
2890 2891
2890 2955
2890 2956
2891 2892
2891 2956
2891 2957
2892 2893
2892 2957
2892 2958
2893 2894
2893 2958
2893 2959
2894 2895
2894 2959
2894 2960
2895 2896
2895 2960
2895 2961
2896 2897
2896 2961
2896 2962
2897 2898
2897 2962
2897 2963
2898 2899
2898 2963
2898 2964
2899 2900
2899 2964
2899 2965
2900 2901
2900 2965
2900 2966
2901 2902
2901 2966
2901 2967
2902 2903
2902 2967
2902 2968
2903 2904
2903 2968
2903 2969
2904 2905
2904 2969
2904 2970
2905 2906
2905 2970
2905 2971
2906 2907
2906 2971
2906 2972
2907 2908
2907 2972
2907 2973
2908 2909
2908 2973
2908 2974
2909 2910
2909 2974
2909 2975
2910 2911
2910 2975
2910 2976
2911 2912
2911 2976
2911 2977
2912 2913
2912 2977
2912 2978
2913 2914
2913 2978
2913 2979
2914 2915
2914 2979
2914 2980
2915 2916
2915 2980
2915 2981
2916 2917
2916 2981
2916 2982
2917 2918
2917 2982
2917 2983
2918 2919
2918 2983
2918 2984
2919 2920
2919 2984
2919 2985
2920 2921
2920 2985
2920 2986
2921 2922
2921 2986
2921 2987
2922 2923
2922 2987
2922 2988
2923 2924
2923 2988
2923 2989
2924 2925
2924 2989
2924 2990
2925 2990
2926 2927
2926 2991
2926 2992
2927 2928
2927 2992
2927 2993
2928 2929
2928 2993
2928 2994
2929 2930
2929 2994
2929 2995
2930 2931
2930 2995
2930 2996
2931 2932
2931 2996
2931 2997
2932 2933
2932 2997
2932 2998
2933 2934
2933 2998
2933 2999
2934 2935
2934 2999
2934 3000
2935 2936
2935 3000
2935 3001
2936 2937
2936 3001
2936 3002
2937 2938
2937 3002
2937 3003
2938 2939
2938 3003
2938 3004
2939 2940
2939 3004
2939 3005
2940 2941
2940 3005
2940 3006
2941 2942
2941 3006
2941 3007
2942 2943
2942 3007
2942 3008
2943 2944
2943 3008
2943 3009
2944 2945
2944 3009
2944 3010
2945 2946
2945 3010
2945 3011
2946 2947
2946 3011
2946 3012
2947 2948
2947 3012
2947 3013
2948 2949
2948 3013
2948 3014
2949 2950
2949 3014
2949 3015
2950 2951
2950 3015
2950 3016
2951 2952
2951 3016
2951 3017
2952 2953
2952 3017
2952 3018
2953 2954
2953 3018
2953 3019
2954 2955
2954 3019
2954 3020
2955 2956
2955 3020
2955 3021
2956 2957
2956 3021
2956 3022
2957 2958
2957 3022
2957 3023
2958 2959
2958 3023
2958 3024
2959 2960
2959 3024
2959 3025
2960 2961
2960 3025
2960 3026
2961 2962
2961 3026
2961 3027
2962 2963
2962 3027
2962 3028
2963 2964
2963 3028
2963 3029
2964 2965
2964 3029
2964 3030
2965 2966
2965 3030
2965 3031
2966 2967
2966 3031
2966 3032
2967 2968
2967 3032
2967 3033
2968 2969
2968 3033
2968 3034
2969 2970
2969 3034
2969 3035
2970 2971
2970 3035
2970 3036
2971 2972
2971 3036
2971 3037
2972 2973
2972 3037
2972 3038
2973 2974
2973 3038
2973 3039
2974 2975
2974 3039
2974 3040
2975 2976
2975 3040
2975 3041
2976 2977
2976 3041
2976 3042
2977 2978
2977 3042
2977 3043
2978 2979
2978 3043
2978 3044
2979 2980
2979 3044
2979 3045
2980 2981
2980 3045
2980 3046
2981 2982
2981 3046
2981 3047
2982 2983
2982 3047
2982 3048
2983 2984
2983 3048
2983 3049
2984 2985
2984 3049
2984 3050
2985 2986
2985 3050
2985 3051
2986 2987
2986 3051
2986 3052
2987 2988
2987 3052
2987 3053
2988 2989
2988 3053
2988 3054
2989 2990
2989 3054
2989 3055
2990 3055
2991 2992
2991 3056
2991 3057
2992 2993
2992 3057
2992 3058
2993 2994
2993 3058
2993 3059
2994 2995
2994 3059
2994 3060
2995 2996
2995 3060
2995 3061
2996 2997
2996 3061
2996 3062
2997 2998
2997 3062
2997 3063
2998 2999
2998 3063
2998 3064
2999 3000
2999 3064
2999 3065
3000 3001
3000 3065
3000 3066
3001 3002
3001 3066
3001 3067
3002 3003
3002 3067
3002 3068
3003 3004
3003 3068
3003 3069
3004 3005
3004 3069
3004 3070
3005 3006
3005 3070
3005 3071
3006 3007
3006 3071
3006 3072
3007 3008
3007 3072
3007 3073
3008 3009
3008 3073
3008 3074
3009 3010
3009 3074
3009 3075
3010 3011
3010 3075
3010 3076
3011 3012
3011 3076
3011 3077
3012 3013
3012 3077
3012 3078
3013 3014
3013 3078
3013 3079
3014 3015
3014 3079
3014 3080
3015 3016
3015 3080
3015 3081
3016 3017
3016 3081
3016 3082
3017 3018
3017 3082
3017 3083
3018 3019
3018 3083
3018 3084
3019 3020
3019 3084
3019 3085
3020 3021
3020 3085
3020 3086
3021 3022
3021 3086
3021 3087
3022 3023
3022 3087
3022 3088
3023 3024
3023 3088
3023 3089
3024 3025
3024 3089
3024 3090
3025 3026
3025 3090
3025 3091
3026 3027
3026 3091
3026 3092
3027 3028
3027 3092
3027 3093
3028 3029
3028 3093
3028 3094
3029 3030
3029 3094
3029 3095
3030 3031
3030 3095
3030 3096
3031 3032
3031 3096
3031 3097
3032 3033
3032 3097
3032 3098
3033 3034
3033 3098
3033 3099
3034 3035
3034 3099
3034 3100
3035 3036
3035 3100
3035 3101
3036 3037
3036 3101
3036 3102
3037 3038
3037 3102
3037 3103
3038 3039
3038 3103
3038 3104
3039 3040
3039 3104
3039 3105
3040 3041
3040 3105
3040 3106
3041 3042
3041 3106
3041 3107
3042 3043
3042 3107
3042 3108
3043 3044
3043 3108
3043 3109
3044 3045
3044 3109
3044 3110
3045 3046
3045 3110
3045 3111
3046 3047
3046 3111
3046 3112
3047 3048
3047 3112
3047 3113
3048 3049
3048 3113
3048 3114
3049 3050
3049 3114
3049 3115
3050 3051
3050 3115
3050 3116
3051 3052
3051 3116
3051 3117
3052 3053
3052 3117
3052 3118
3053 3054
3053 3118
3053 3119
3054 3055
3054 3119
3054 3120
3055 3120
3056 3057
3056 3121
3056 3122
3057 3058
3057 3122
3057 3123
3058 3059
3058 3123
3058 3124
3059 3060
3059 3124
3059 3125
3060 3061
3060 3125
3060 3126
3061 3062
3061 3126
3061 3127
3062 3063
3062 3127
3062 3128
3063 3064
3063 3128
3063 3129
3064 3065
3064 3129
3064 3130
3065 3066
3065 3130
3065 3131
3066 3067
3066 3131
3066 3132
3067 3068
3067 3132
3067 3133
3068 3069
3068 3133
3068 3134
3069 3070
3069 3134
3069 3135
3070 3071
3070 3135
3070 3136
3071 3072
3071 3136
3071 3137
3072 3073
3072 3137
3072 3138
3073 3074
3073 3138
3073 3139
3074 3075
3074 3139
3074 3140
3075 3076
3075 3140
3075 3141
3076 3077
3076 3141
3076 3142
3077 3078
3077 3142
3077 3143
3078 3079
3078 3143
3078 3144
3079 3080
3079 3144
3079 3145
3080 3081
3080 3145
3080 3146
3081 3082
3081 3146
3081 3147
3082 3083
3082 3147
3082 3148
3083 3084
3083 3148
3083 3149
3084 3085
3084 3149
3084 3150
3085 3086
3085 3150
3085 3151
3086 3087
3086 3151
3086 3152
3087 3088
3087 3152
3087 3153
3088 3089
3088 3153
3088 3154
3089 3090
3089 3154
3089 3155
3090 3091
3090 3155
3090 3156
3091 3092
3091 3156
3091 3157
3092 3093
3092 3157
3092 3158
3093 3094
3093 3158
3093 3159
3094 3095
3094 3159
3094 3160
3095 3096
3095 3160
3095 3161
3096 3097
3096 3161
3096 3162
3097 3098
3097 3162
3097 3163
3098 3099
3098 3163
3098 3164
3099 3100
3099 3164
3099 3165
3100 3101
3100 3165
3100 3166
3101 3102
3101 3166
3101 3167
3102 3103
3102 3167
3102 3168
3103 3104
3103 3168
3103 3169
3104 3105
3104 3169
3104 3170
3105 3106
3105 3170
3105 3171
3106 3107
3106 3171
3106 3172
3107 3108
3107 3172
3107 3173
3108 3109
3108 3173
3108 3174
3109 3110
3109 3174
3109 3175
3110 3111
3110 3175
3110 3176
3111 3112
3111 3176
3111 3177
3112 3113
3112 3177
3112 3178
3113 3114
3113 3178
3113 3179
3114 3115
3114 3179
3114 3180
3115 3116
3115 3180
3115 3181
3116 3117
3116 3181
3116 3182
3117 3118
3117 3182
3117 3183
3118 3119
3118 3183
3118 3184
3119 3120
3119 3184
3119 3185
3120 3185
3121 3122
3121 3186
3121 3187
3122 3123
3122 3187
3122 3188
3123 3124
3123 3188
3123 3189
3124 3125
3124 3189
3124 3190
3125 3126
3125 3190
3125 3191
3126 3127
3126 3191
3126 3192
3127 3128
3127 3192
3127 3193
3128 3129
3128 3193
3128 3194
3129 3130
3129 3194
3129 3195
3130 3131
3130 3195
3130 3196
3131 3132
3131 3196
3131 3197
3132 3133
3132 3197
3132 3198
3133 3134
3133 3198
3133 3199
3134 3135
3134 3199
3134 3200
3135 3136
3135 3200
3135 3201
3136 3137
3136 3201
3136 3202
3137 3138
3137 3202
3137 3203
3138 3139
3138 3203
3138 3204
3139 3140
3139 3204
3139 3205
3140 3141
3140 3205
3140 3206
3141 3142
3141 3206
3141 3207
3142 3143
3142 3207
3142 3208
3143 3144
3143 3208
3143 3209
3144 3145
3144 3209
3144 3210
3145 3146
3145 3210
3145 3211
3146 3147
3146 3211
3146 3212
3147 3148
3147 3212
3147 3213
3148 3149
3148 3213
3148 3214
3149 3150
3149 3214
3149 3215
3150 3151
3150 3215
3150 3216
3151 3152
3151 3216
3151 3217
3152 3153
3152 3217
3152 3218
3153 3154
3153 3218
3153 3219
3154 3155
3154 3219
3154 3220
3155 3156
3155 3220
3155 3221
3156 3157
3156 3221
3156 3222
3157 3158
3157 3222
3157 3223
3158 3159
3158 3223
3158 3224
3159 3160
3159 3224
3159 3225
3160 3161
3160 3225
3160 3226
3161 3162
3161 3226
3161 3227
3162 3163
3162 3227
3162 3228
3163 3164
3163 3228
3163 3229
3164 3165
3164 3229
3164 3230
3165 3166
3165 3230
3165 3231
3166 3167
3166 3231
3166 3232
3167 3168
3167 3232
3167 3233
3168 3169
3168 3233
3168 3234
3169 3170
3169 3234
3169 3235
3170 3171
3170 3235
3170 3236
3171 3172
3171 3236
3171 3237
3172 3173
3172 3237
3172 3238
3173 3174
3173 3238
3173 3239
3174 3175
3174 3239
3174 3240
3175 3176
3175 3240
3175 3241
3176 3177
3176 3241
3176 3242
3177 3178
3177 3242
3177 3243
3178 3179
3178 3243
3178 3244
3179 3180
3179 3244
3179 3245
3180 3181
3180 3245
3180 3246
3181 3182
3181 3246
3181 3247
3182 3183
3182 3247
3182 3248
3183 3184
3183 3248
3183 3249
3184 3185
3184 3249
3184 3250
3185 3250
3186 3187
3186 3251
3186 3252
3187 3188
3187 3252
3187 3253
3188 3189
3188 3253
3188 3254
3189 3190
3189 3254
3189 3255
3190 3191
3190 3255
3190 3256
3191 3192
3191 3256
3191 3257
3192 3193
3192 3257
3192 3258
3193 3194
3193 3258
3193 3259
3194 3195
3194 3259
3194 3260
3195 3196
3195 3260
3195 3261
3196 3197
3196 3261
3196 3262
3197 3198
3197 3262
3197 3263
3198 3199
3198 3263
3198 3264
3199 3200
3199 3264
3199 3265
3200 3201
3200 3265
3200 3266
3201 3202
3201 3266
3201 3267
3202 3203
3202 3267
3202 3268
3203 3204
3203 3268
3203 3269
3204 3205
3204 3269
3204 3270
3205 3206
3205 3270
3205 3271
3206 3207
3206 3271
3206 3272
3207 3208
3207 3272
3207 3273
3208 3209
3208 3273
3208 3274
3209 3210
3209 3274
3209 3275
3210 3211
3210 3275
3210 3276
3211 3212
3211 3276
3211 3277
3212 3213
3212 3277
3212 3278
3213 3214
3213 3278
3213 3279
3214 3215
3214 3279
3214 3280
3215 3216
3215 3280
3215 3281
3216 3217
3216 3281
3216 3282
3217 3218
3217 3282
3217 3283
3218 3219
3218 3283
3218 3284
3219 3220
3219 3284
3219 3285
3220 3221
3220 3285
3220 3286
3221 3222
3221 3286
3221 3287
3222 3223
3222 3287
3222 3288
3223 3224
3223 3288
3223 3289
3224 3225
3224 3289
3224 3290
3225 3226
3225 3290
3225 3291
3226 3227
3226 3291
3226 3292
3227 3228
3227 3292
3227 3293
3228 3229
3228 3293
3228 3294
3229 3230
3229 3294
3229 3295
3230 3231
3230 3295
3230 3296
3231 3232
3231 3296
3231 3297
3232 3233
3232 3297
3232 3298
3233 3234
3233 3298
3233 3299
3234 3235
3234 3299
3234 3300
3235 3236
3235 3300
3235 3301
3236 3237
3236 3301
3236 3302
3237 3238
3237 3302
3237 3303
3238 3239
3238 3303
3238 3304
3239 3240
3239 3304
3239 3305
3240 3241
3240 3305
3240 3306
3241 3242
3241 3306
3241 3307
3242 3243
3242 3307
3242 3308
3243 3244
3243 3308
3243 3309
3244 3245
3244 3309
3244 3310
3245 3246
3245 3310
3245 3311
3246 3247
3246 3311
3246 3312
3247 3248
3247 3312
3247 3313
3248 3249
3248 3313
3248 3314
3249 3250
3249 3314
3249 3315
3250 3315
3251 3252
3251 3316
3251 3317
3252 3253
3252 3317
3252 3318
3253 3254
3253 3318
3253 3319
3254 3255
3254 3319
3254 3320
3255 3256
3255 3320
3255 3321
3256 3257
3256 3321
3256 3322
3257 3258
3257 3322
3257 3323
3258 3259
3258 3323
3258 3324
3259 3260
3259 3324
3259 3325
3260 3261
3260 3325
3260 3326
3261 3262
3261 3326
3261 3327
3262 3263
3262 3327
3262 3328
3263 3264
3263 3328
3263 3329
3264 3265
3264 3329
3264 3330
3265 3266
3265 3330
3265 3331
3266 3267
3266 3331
3266 3332
3267 3268
3267 3332
3267 3333
3268 3269
3268 3333
3268 3334
3269 3270
3269 3334
3269 3335
3270 3271
3270 3335
3270 3336
3271 3272
3271 3336
3271 3337
3272 3273
3272 3337
3272 3338
3273 3274
3273 3338
3273 3339
3274 3275
3274 3339
3274 3340
3275 3276
3275 3340
3275 3341
3276 3277
3276 3341
3276 3342
3277 3278
3277 3342
3277 3343
3278 3279
3278 3343
3278 3344
3279 3280
3279 3344
3279 3345
3280 3281
3280 3345
3280 3346
3281 3282
3281 3346
3281 3347
3282 3283
3282 3347
3282 3348
3283 3284
3283 3348
3283 3349
3284 3285
3284 3349
3284 3350
3285 3286
3285 3350
3285 3351
3286 3287
3286 3351
3286 3352
3287 3288
3287 3352
3287 3353
3288 3289
3288 3353
3288 3354
3289 3290
3289 3354
3289 3355
3290 3291
3290 3355
3290 3356
3291 3292
3291 3356
3291 3357
3292 3293
3292 3357
3292 3358
3293 3294
3293 3358
3293 3359
3294 3295
3294 3359
3294 3360
3295 3296
3295 3360
3295 3361
3296 3297
3296 3361
3296 3362
3297 3298
3297 3362
3297 3363
3298 3299
3298 3363
3298 3364
3299 3300
3299 3364
3299 3365
3300 3301
3300 3365
3300 3366
3301 3302
3301 3366
3301 3367
3302 3303
3302 3367
3302 3368
3303 3304
3303 3368
3303 3369
3304 3305
3304 3369
3304 3370
3305 3306
3305 3370
3305 3371
3306 3307
3306 3371
3306 3372
3307 3308
3307 3372
3307 3373
3308 3309
3308 3373
3308 3374
3309 3310
3309 3374
3309 3375
3310 3311
3310 3375
3310 3376
3311 3312
3311 3376
3311 3377
3312 3313
3312 3377
3312 3378
3313 3314
3313 3378
3313 3379
3314 3315
3314 3379
3314 3380
3315 3380
3316 3317
3316 3381
3316 3382
3317 3318
3317 3382
3317 3383
3318 3319
3318 3383
3318 3384
3319 3320
3319 3384
3319 3385
3320 3321
3320 3385
3320 3386
3321 3322
3321 3386
3321 3387
3322 3323
3322 3387
3322 3388
3323 3324
3323 3388
3323 3389
3324 3325
3324 3389
3324 3390
3325 3326
3325 3390
3325 3391
3326 3327
3326 3391
3326 3392
3327 3328
3327 3392
3327 3393
3328 3329
3328 3393
3328 3394
3329 3330
3329 3394
3329 3395
3330 3331
3330 3395
3330 3396
3331 3332
3331 3396
3331 3397
3332 3333
3332 3397
3332 3398
3333 3334
3333 3398
3333 3399
3334 3335
3334 3399
3334 3400
3335 3336
3335 3400
3335 3401
3336 3337
3336 3401
3336 3402
3337 3338
3337 3402
3337 3403
3338 3339
3338 3403
3338 3404
3339 3340
3339 3404
3339 3405
3340 3341
3340 3405
3340 3406
3341 3342
3341 3406
3341 3407
3342 3343
3342 3407
3342 3408
3343 3344
3343 3408
3343 3409
3344 3345
3344 3409
3344 3410
3345 3346
3345 3410
3345 3411
3346 3347
3346 3411
3346 3412
3347 3348
3347 3412
3347 3413
3348 3349
3348 3413
3348 3414
3349 3350
3349 3414
3349 3415
3350 3351
3350 3415
3350 3416
3351 3352
3351 3416
3351 3417
3352 3353
3352 3417
3352 3418
3353 3354
3353 3418
3353 3419
3354 3355
3354 3419
3354 3420
3355 3356
3355 3420
3355 3421
3356 3357
3356 3421
3356 3422
3357 3358
3357 3422
3357 3423
3358 3359
3358 3423
3358 3424
3359 3360
3359 3424
3359 3425
3360 3361
3360 3425
3360 3426
3361 3362
3361 3426
3361 3427
3362 3363
3362 3427
3362 3428
3363 3364
3363 3428
3363 3429
3364 3365
3364 3429
3364 3430
3365 3366
3365 3430
3365 3431
3366 3367
3366 3431
3366 3432
3367 3368
3367 3432
3367 3433
3368 3369
3368 3433
3368 3434
3369 3370
3369 3434
3369 3435
3370 3371
3370 3435
3370 3436
3371 3372
3371 3436
3371 3437
3372 3373
3372 3437
3372 3438
3373 3374
3373 3438
3373 3439
3374 3375
3374 3439
3374 3440
3375 3376
3375 3440
3375 3441
3376 3377
3376 3441
3376 3442
3377 3378
3377 3442
3377 3443
3378 3379
3378 3443
3378 3444
3379 3380
3379 3444
3379 3445
3380 3445
3381 3382
3381 3446
3381 3447
3382 3383
3382 3447
3382 3448
3383 3384
3383 3448
3383 3449
3384 3385
3384 3449
3384 3450
3385 3386
3385 3450
3385 3451
3386 3387
3386 3451
3386 3452
3387 3388
3387 3452
3387 3453
3388 3389
3388 3453
3388 3454
3389 3390
3389 3454
3389 3455
3390 3391
3390 3455
3390 3456
3391 3392
3391 3456
3391 3457
3392 3393
3392 3457
3392 3458
3393 3394
3393 3458
3393 3459
3394 3395
3394 3459
3394 3460
3395 3396
3395 3460
3395 3461
3396 3397
3396 3461
3396 3462
3397 3398
3397 3462
3397 3463
3398 3399
3398 3463
3398 3464
3399 3400
3399 3464
3399 3465
3400 3401
3400 3465
3400 3466
3401 3402
3401 3466
3401 3467
3402 3403
3402 3467
3402 3468
3403 3404
3403 3468
3403 3469
3404 3405
3404 3469
3404 3470
3405 3406
3405 3470
3405 3471
3406 3407
3406 3471
3406 3472
3407 3408
3407 3472
3407 3473
3408 3409
3408 3473
3408 3474
3409 3410
3409 3474
3409 3475
3410 3411
3410 3475
3410 3476
3411 3412
3411 3476
3411 3477
3412 3413
3412 3477
3412 3478
3413 3414
3413 3478
3413 3479
3414 3415
3414 3479
3414 3480
3415 3416
3415 3480
3415 3481
3416 3417
3416 3481
3416 3482
3417 3418
3417 3482
3417 3483
3418 3419
3418 3483
3418 3484
3419 3420
3419 3484
3419 3485
3420 3421
3420 3485
3420 3486
3421 3422
3421 3486
3421 3487
3422 3423
3422 3487
3422 3488
3423 3424
3423 3488
3423 3489
3424 3425
3424 3489
3424 3490
3425 3426
3425 3490
3425 3491
3426 3427
3426 3491
3426 3492
3427 3428
3427 3492
3427 3493
3428 3429
3428 3493
3428 3494
3429 3430
3429 3494
3429 3495
3430 3431
3430 3495
3430 3496
3431 3432
3431 3496
3431 3497
3432 3433
3432 3497
3432 3498
3433 3434
3433 3498
3433 3499
3434 3435
3434 3499
3434 3500
3435 3436
3435 3500
3435 3501
3436 3437
3436 3501
3436 3502
3437 3438
3437 3502
3437 3503
3438 3439
3438 3503
3438 3504
3439 3440
3439 3504
3439 3505
3440 3441
3440 3505
3440 3506
3441 3442
3441 3506
3441 3507
3442 3443
3442 3507
3442 3508
3443 3444
3443 3508
3443 3509
3444 3445
3444 3509
3444 3510
3445 3510
3446 3447
3446 3511
3446 3512
3447 3448
3447 3512
3447 3513
3448 3449
3448 3513
3448 3514
3449 3450
3449 3514
3449 3515
3450 3451
3450 3515
3450 3516
3451 3452
3451 3516
3451 3517
3452 3453
3452 3517
3452 3518
3453 3454
3453 3518
3453 3519
3454 3455
3454 3519
3454 3520
3455 3456
3455 3520
3455 3521
3456 3457
3456 3521
3456 3522
3457 3458
3457 3522
3457 3523
3458 3459
3458 3523
3458 3524
3459 3460
3459 3524
3459 3525
3460 3461
3460 3525
3460 3526
3461 3462
3461 3526
3461 3527
3462 3463
3462 3527
3462 3528
3463 3464
3463 3528
3463 3529
3464 3465
3464 3529
3464 3530
3465 3466
3465 3530
3465 3531
3466 3467
3466 3531
3466 3532
3467 3468
3467 3532
3467 3533
3468 3469
3468 3533
3468 3534
3469 3470
3469 3534
3469 3535
3470 3471
3470 3535
3470 3536
3471 3472
3471 3536
3471 3537
3472 3473
3472 3537
3472 3538
3473 3474
3473 3538
3473 3539
3474 3475
3474 3539
3474 3540
3475 3476
3475 3540
3475 3541
3476 3477
3476 3541
3476 3542
3477 3478
3477 3542
3477 3543
3478 3479
3478 3543
3478 3544
3479 3480
3479 3544
3479 3545
3480 3481
3480 3545
3480 3546
3481 3482
3481 3546
3481 3547
3482 3483
3482 3547
3482 3548
3483 3484
3483 3548
3483 3549
3484 3485
3484 3549
3484 3550
3485 3486
3485 3550
3485 3551
3486 3487
3486 3551
3486 3552
3487 3488
3487 3552
3487 3553
3488 3489
3488 3553
3488 3554
3489 3490
3489 3554
3489 3555
3490 3491
3490 3555
3490 3556
3491 3492
3491 3556
3491 3557
3492 3493
3492 3557
3492 3558
3493 3494
3493 3558
3493 3559
3494 3495
3494 3559
3494 3560
3495 3496
3495 3560
3495 3561
3496 3497
3496 3561
3496 3562
3497 3498
3497 3562
3497 3563
3498 3499
3498 3563
3498 3564
3499 3500
3499 3564
3499 3565
3500 3501
3500 3565
3500 3566
3501 3502
3501 3566
3501 3567
3502 3503
3502 3567
3502 3568
3503 3504
3503 3568
3503 3569
3504 3505
3504 3569
3504 3570
3505 3506
3505 3570
3505 3571
3506 3507
3506 3571
3506 3572
3507 3508
3507 3572
3507 3573
3508 3509
3508 3573
3508 3574
3509 3510
3509 3574
3509 3575
3510 3575
3511 3512
3511 3576
3511 3577
3512 3513
3512 3577
3512 3578
3513 3514
3513 3578
3513 3579
3514 3515
3514 3579
3514 3580
3515 3516
3515 3580
3515 3581
3516 3517
3516 3581
3516 3582
3517 3518
3517 3582
3517 3583
3518 3519
3518 3583
3518 3584
3519 3520
3519 3584
3519 3585
3520 3521
3520 3585
3520 3586
3521 3522
3521 3586
3521 3587
3522 3523
3522 3587
3522 3588
3523 3524
3523 3588
3523 3589
3524 3525
3524 3589
3524 3590
3525 3526
3525 3590
3525 3591
3526 3527
3526 3591
3526 3592
3527 3528
3527 3592
3527 3593
3528 3529
3528 3593
3528 3594
3529 3530
3529 3594
3529 3595
3530 3531
3530 3595
3530 3596
3531 3532
3531 3596
3531 3597
3532 3533
3532 3597
3532 3598
3533 3534
3533 3598
3533 3599
3534 3535
3534 3599
3534 3600
3535 3536
3535 3600
3535 3601
3536 3537
3536 3601
3536 3602
3537 3538
3537 3602
3537 3603
3538 3539
3538 3603
3538 3604
3539 3540
3539 3604
3539 3605
3540 3541
3540 3605
3540 3606
3541 3542
3541 3606
3541 3607
3542 3543
3542 3607
3542 3608
3543 3544
3543 3608
3543 3609
3544 3545
3544 3609
3544 3610
3545 3546
3545 3610
3545 3611
3546 3547
3546 3611
3546 3612
3547 3548
3547 3612
3547 3613
3548 3549
3548 3613
3548 3614
3549 3550
3549 3614
3549 3615
3550 3551
3550 3615
3550 3616
3551 3552
3551 3616
3551 3617
3552 3553
3552 3617
3552 3618
3553 3554
3553 3618
3553 3619
3554 3555
3554 3619
3554 3620
3555 3556
3555 3620
3555 3621
3556 3557
3556 3621
3556 3622
3557 3558
3557 3622
3557 3623
3558 3559
3558 3623
3558 3624
3559 3560
3559 3624
3559 3625
3560 3561
3560 3625
3560 3626
3561 3562
3561 3626
3561 3627
3562 3563
3562 3627
3562 3628
3563 3564
3563 3628
3563 3629
3564 3565
3564 3629
3564 3630
3565 3566
3565 3630
3565 3631
3566 3567
3566 3631
3566 3632
3567 3568
3567 3632
3567 3633
3568 3569
3568 3633
3568 3634
3569 3570
3569 3634
3569 3635
3570 3571
3570 3635
3570 3636
3571 3572
3571 3636
3571 3637
3572 3573
3572 3637
3572 3638
3573 3574
3573 3638
3573 3639
3574 3575
3574 3639
3574 3640
3575 3640
3576 3577
3576 3641
3576 3642
3577 3578
3577 3642
3577 3643
3578 3579
3578 3643
3578 3644
3579 3580
3579 3644
3579 3645
3580 3581
3580 3645
3580 3646
3581 3582
3581 3646
3581 3647
3582 3583
3582 3647
3582 3648
3583 3584
3583 3648
3583 3649
3584 3585
3584 3649
3584 3650
3585 3586
3585 3650
3585 3651
3586 3587
3586 3651
3586 3652
3587 3588
3587 3652
3587 3653
3588 3589
3588 3653
3588 3654
3589 3590
3589 3654
3589 3655
3590 3591
3590 3655
3590 3656
3591 3592
3591 3656
3591 3657
3592 3593
3592 3657
3592 3658
3593 3594
3593 3658
3593 3659
3594 3595
3594 3659
3594 3660
3595 3596
3595 3660
3595 3661
3596 3597
3596 3661
3596 3662
3597 3598
3597 3662
3597 3663
3598 3599
3598 3663
3598 3664
3599 3600
3599 3664
3599 3665
3600 3601
3600 3665
3600 3666
3601 3602
3601 3666
3601 3667
3602 3603
3602 3667
3602 3668
3603 3604
3603 3668
3603 3669
3604 3605
3604 3669
3604 3670
3605 3606
3605 3670
3605 3671
3606 3607
3606 3671
3606 3672
3607 3608
3607 3672
3607 3673
3608 3609
3608 3673
3608 3674
3609 3610
3609 3674
3609 3675
3610 3611
3610 3675
3610 3676
3611 3612
3611 3676
3611 3677
3612 3613
3612 3677
3612 3678
3613 3614
3613 3678
3613 3679
3614 3615
3614 3679
3614 3680
3615 3616
3615 3680
3615 3681
3616 3617
3616 3681
3616 3682
3617 3618
3617 3682
3617 3683
3618 3619
3618 3683
3618 3684
3619 3620
3619 3684
3619 3685
3620 3621
3620 3685
3620 3686
3621 3622
3621 3686
3621 3687
3622 3623
3622 3687
3622 3688
3623 3624
3623 3688
3623 3689
3624 3625
3624 3689
3624 3690
3625 3626
3625 3690
3625 3691
3626 3627
3626 3691
3626 3692
3627 3628
3627 3692
3627 3693
3628 3629
3628 3693
3628 3694
3629 3630
3629 3694
3629 3695
3630 3631
3630 3695
3630 3696
3631 3632
3631 3696
3631 3697
3632 3633
3632 3697
3632 3698
3633 3634
3633 3698
3633 3699
3634 3635
3634 3699
3634 3700
3635 3636
3635 3700
3635 3701
3636 3637
3636 3701
3636 3702
3637 3638
3637 3702
3637 3703
3638 3639
3638 3703
3638 3704
3639 3640
3639 3704
3639 3705
3640 3705
3641 3642
3641 3706
3641 3707
3642 3643
3642 3707
3642 3708
3643 3644
3643 3708
3643 3709
3644 3645
3644 3709
3644 3710
3645 3646
3645 3710
3645 3711
3646 3647
3646 3711
3646 3712
3647 3648
3647 3712
3647 3713
3648 3649
3648 3713
3648 3714
3649 3650
3649 3714
3649 3715
3650 3651
3650 3715
3650 3716
3651 3652
3651 3716
3651 3717
3652 3653
3652 3717
3652 3718
3653 3654
3653 3718
3653 3719
3654 3655
3654 3719
3654 3720
3655 3656
3655 3720
3655 3721
3656 3657
3656 3721
3656 3722
3657 3658
3657 3722
3657 3723
3658 3659
3658 3723
3658 3724
3659 3660
3659 3724
3659 3725
3660 3661
3660 3725
3660 3726
3661 3662
3661 3726
3661 3727
3662 3663
3662 3727
3662 3728
3663 3664
3663 3728
3663 3729
3664 3665
3664 3729
3664 3730
3665 3666
3665 3730
3665 3731
3666 3667
3666 3731
3666 3732
3667 3668
3667 3732
3667 3733
3668 3669
3668 3733
3668 3734
3669 3670
3669 3734
3669 3735
3670 3671
3670 3735
3670 3736
3671 3672
3671 3736
3671 3737
3672 3673
3672 3737
3672 3738
3673 3674
3673 3738
3673 3739
3674 3675
3674 3739
3674 3740
3675 3676
3675 3740
3675 3741
3676 3677
3676 3741
3676 3742
3677 3678
3677 3742
3677 3743
3678 3679
3678 3743
3678 3744
3679 3680
3679 3744
3679 3745
3680 3681
3680 3745
3680 3746
3681 3682
3681 3746
3681 3747
3682 3683
3682 3747
3682 3748
3683 3684
3683 3748
3683 3749
3684 3685
3684 3749
3684 3750
3685 3686
3685 3750
3685 3751
3686 3687
3686 3751
3686 3752
3687 3688
3687 3752
3687 3753
3688 3689
3688 3753
3688 3754
3689 3690
3689 3754
3689 3755
3690 3691
3690 3755
3690 3756
3691 3692
3691 3756
3691 3757
3692 3693
3692 3757
3692 3758
3693 3694
3693 3758
3693 3759
3694 3695
3694 3759
3694 3760
3695 3696
3695 3760
3695 3761
3696 3697
3696 3761
3696 3762
3697 3698
3697 3762
3697 3763
3698 3699
3698 3763
3698 3764
3699 3700
3699 3764
3699 3765
3700 3701
3700 3765
3700 3766
3701 3702
3701 3766
3701 3767
3702 3703
3702 3767
3702 3768
3703 3704
3703 3768
3703 3769
3704 3705
3704 3769
3704 3770
3705 3770
3706 3707
3706 3771
3706 3772
3707 3708
3707 3772
3707 3773
3708 3709
3708 3773
3708 3774
3709 3710
3709 3774
3709 3775
3710 3711
3710 3775
3710 3776
3711 3712
3711 3776
3711 3777
3712 3713
3712 3777
3712 3778
3713 3714
3713 3778
3713 3779
3714 3715
3714 3779
3714 3780
3715 3716
3715 3780
3715 3781
3716 3717
3716 3781
3716 3782
3717 3718
3717 3782
3717 3783
3718 3719
3718 3783
3718 3784
3719 3720
3719 3784
3719 3785
3720 3721
3720 3785
3720 3786
3721 3722
3721 3786
3721 3787
3722 3723
3722 3787
3722 3788
3723 3724
3723 3788
3723 3789
3724 3725
3724 3789
3724 3790
3725 3726
3725 3790
3725 3791
3726 3727
3726 3791
3726 3792
3727 3728
3727 3792
3727 3793
3728 3729
3728 3793
3728 3794
3729 3730
3729 3794
3729 3795
3730 3731
3730 3795
3730 3796
3731 3732
3731 3796
3731 3797
3732 3733
3732 3797
3732 3798
3733 3734
3733 3798
3733 3799
3734 3735
3734 3799
3734 3800
3735 3736
3735 3800
3735 3801
3736 3737
3736 3801
3736 3802
3737 3738
3737 3802
3737 3803
3738 3739
3738 3803
3738 3804
3739 3740
3739 3804
3739 3805
3740 3741
3740 3805
3740 3806
3741 3742
3741 3806
3741 3807
3742 3743
3742 3807
3742 3808
3743 3744
3743 3808
3743 3809
3744 3745
3744 3809
3744 3810
3745 3746
3745 3810
3745 3811
3746 3747
3746 3811
3746 3812
3747 3748
3747 3812
3747 3813
3748 3749
3748 3813
3748 3814
3749 3750
3749 3814
3749 3815
3750 3751
3750 3815
3750 3816
3751 3752
3751 3816
3751 3817
3752 3753
3752 3817
3752 3818
3753 3754
3753 3818
3753 3819
3754 3755
3754 3819
3754 3820
3755 3756
3755 3820
3755 3821
3756 3757
3756 3821
3756 3822
3757 3758
3757 3822
3757 3823
3758 3759
3758 3823
3758 3824
3759 3760
3759 3824
3759 3825
3760 3761
3760 3825
3760 3826
3761 3762
3761 3826
3761 3827
3762 3763
3762 3827
3762 3828
3763 3764
3763 3828
3763 3829
3764 3765
3764 3829
3764 3830
3765 3766
3765 3830
3765 3831
3766 3767
3766 3831
3766 3832
3767 3768
3767 3832
3767 3833
3768 3769
3768 3833
3768 3834
3769 3770
3769 3834
3769 3835
3770 3835
3771 3772
3771 3836
3771 3837
3772 3773
3772 3837
3772 3838
3773 3774
3773 3838
3773 3839
3774 3775
3774 3839
3774 3840
3775 3776
3775 3840
3775 3841
3776 3777
3776 3841
3776 3842
3777 3778
3777 3842
3777 3843
3778 3779
3778 3843
3778 3844
3779 3780
3779 3844
3779 3845
3780 3781
3780 3845
3780 3846
3781 3782
3781 3846
3781 3847
3782 3783
3782 3847
3782 3848
3783 3784
3783 3848
3783 3849
3784 3785
3784 3849
3784 3850
3785 3786
3785 3850
3785 3851
3786 3787
3786 3851
3786 3852
3787 3788
3787 3852
3787 3853
3788 3789
3788 3853
3788 3854
3789 3790
3789 3854
3789 3855
3790 3791
3790 3855
3790 3856
3791 3792
3791 3856
3791 3857
3792 3793
3792 3857
3792 3858
3793 3794
3793 3858
3793 3859
3794 3795
3794 3859
3794 3860
3795 3796
3795 3860
3795 3861
3796 3797
3796 3861
3796 3862
3797 3798
3797 3862
3797 3863
3798 3799
3798 3863
3798 3864
3799 3800
3799 3864
3799 3865
3800 3801
3800 3865
3800 3866
3801 3802
3801 3866
3801 3867
3802 3803
3802 3867
3802 3868
3803 3804
3803 3868
3803 3869
3804 3805
3804 3869
3804 3870
3805 3806
3805 3870
3805 3871
3806 3807
3806 3871
3806 3872
3807 3808
3807 3872
3807 3873
3808 3809
3808 3873
3808 3874
3809 3810
3809 3874
3809 3875
3810 3811
3810 3875
3810 3876
3811 3812
3811 3876
3811 3877
3812 3813
3812 3877
3812 3878
3813 3814
3813 3878
3813 3879
3814 3815
3814 3879
3814 3880
3815 3816
3815 3880
3815 3881
3816 3817
3816 3881
3816 3882
3817 3818
3817 3882
3817 3883
3818 3819
3818 3883
3818 3884
3819 3820
3819 3884
3819 3885
3820 3821
3820 3885
3820 3886
3821 3822
3821 3886
3821 3887
3822 3823
3822 3887
3822 3888
3823 3824
3823 3888
3823 3889
3824 3825
3824 3889
3824 3890
3825 3826
3825 3890
3825 3891
3826 3827
3826 3891
3826 3892
3827 3828
3827 3892
3827 3893
3828 3829
3828 3893
3828 3894
3829 3830
3829 3894
3829 3895
3830 3831
3830 3895
3830 3896
3831 3832
3831 3896
3831 3897
3832 3833
3832 3897
3832 3898
3833 3834
3833 3898
3833 3899
3834 3835
3834 3899
3834 3900
3835 3900
3836 3837
3836 3901
3836 3902
3837 3838
3837 3902
3837 3903
3838 3839
3838 3903
3838 3904
3839 3840
3839 3904
3839 3905
3840 3841
3840 3905
3840 3906
3841 3842
3841 3906
3841 3907
3842 3843
3842 3907
3842 3908
3843 3844
3843 3908
3843 3909
3844 3845
3844 3909
3844 3910
3845 3846
3845 3910
3845 3911
3846 3847
3846 3911
3846 3912
3847 3848
3847 3912
3847 3913
3848 3849
3848 3913
3848 3914
3849 3850
3849 3914
3849 3915
3850 3851
3850 3915
3850 3916
3851 3852
3851 3916
3851 3917
3852 3853
3852 3917
3852 3918
3853 3854
3853 3918
3853 3919
3854 3855
3854 3919
3854 3920
3855 3856
3855 3920
3855 3921
3856 3857
3856 3921
3856 3922
3857 3858
3857 3922
3857 3923
3858 3859
3858 3923
3858 3924
3859 3860
3859 3924
3859 3925
3860 3861
3860 3925
3860 3926
3861 3862
3861 3926
3861 3927
3862 3863
3862 3927
3862 3928
3863 3864
3863 3928
3863 3929
3864 3865
3864 3929
3864 3930
3865 3866
3865 3930
3865 3931
3866 3867
3866 3931
3866 3932
3867 3868
3867 3932
3867 3933
3868 3869
3868 3933
3868 3934
3869 3870
3869 3934
3869 3935
3870 3871
3870 3935
3870 3936
3871 3872
3871 3936
3871 3937
3872 3873
3872 3937
3872 3938
3873 3874
3873 3938
3873 3939
3874 3875
3874 3939
3874 3940
3875 3876
3875 3940
3875 3941
3876 3877
3876 3941
3876 3942
3877 3878
3877 3942
3877 3943
3878 3879
3878 3943
3878 3944
3879 3880
3879 3944
3879 3945
3880 3881
3880 3945
3880 3946
3881 3882
3881 3946
3881 3947
3882 3883
3882 3947
3882 3948
3883 3884
3883 3948
3883 3949
3884 3885
3884 3949
3884 3950
3885 3886
3885 3950
3885 3951
3886 3887
3886 3951
3886 3952
3887 3888
3887 3952
3887 3953
3888 3889
3888 3953
3888 3954
3889 3890
3889 3954
3889 3955
3890 3891
3890 3955
3890 3956
3891 3892
3891 3956
3891 3957
3892 3893
3892 3957
3892 3958
3893 3894
3893 3958
3893 3959
3894 3895
3894 3959
3894 3960
3895 3896
3895 3960
3895 3961
3896 3897
3896 3961
3896 3962
3897 3898
3897 3962
3897 3963
3898 3899
3898 3963
3898 3964
3899 3900
3899 3964
3899 3965
3900 3965
3901 3902
3901 3966
3901 3967
3902 3903
3902 3967
3902 3968
3903 3904
3903 3968
3903 3969
3904 3905
3904 3969
3904 3970
3905 3906
3905 3970
3905 3971
3906 3907
3906 3971
3906 3972
3907 3908
3907 3972
3907 3973
3908 3909
3908 3973
3908 3974
3909 3910
3909 3974
3909 3975
3910 3911
3910 3975
3910 3976
3911 3912
3911 3976
3911 3977
3912 3913
3912 3977
3912 3978
3913 3914
3913 3978
3913 3979
3914 3915
3914 3979
3914 3980
3915 3916
3915 3980
3915 3981
3916 3917
3916 3981
3916 3982
3917 3918
3917 3982
3917 3983
3918 3919
3918 3983
3918 3984
3919 3920
3919 3984
3919 3985
3920 3921
3920 3985
3920 3986
3921 3922
3921 3986
3921 3987
3922 3923
3922 3987
3922 3988
3923 3924
3923 3988
3923 3989
3924 3925
3924 3989
3924 3990
3925 3926
3925 3990
3925 3991
3926 3927
3926 3991
3926 3992
3927 3928
3927 3992
3927 3993
3928 3929
3928 3993
3928 3994
3929 3930
3929 3994
3929 3995
3930 3931
3930 3995
3930 3996
3931 3932
3931 3996
3931 3997
3932 3933
3932 3997
3932 3998
3933 3934
3933 3998
3933 3999
3934 3935
3934 3999
3934 4000
3935 3936
3935 4000
3935 4001
3936 3937
3936 4001
3936 4002
3937 3938
3937 4002
3937 4003
3938 3939
3938 4003
3938 4004
3939 3940
3939 4004
3939 4005
3940 3941
3940 4005
3940 4006
3941 3942
3941 4006
3941 4007
3942 3943
3942 4007
3942 4008
3943 3944
3943 4008
3943 4009
3944 3945
3944 4009
3944 4010
3945 3946
3945 4010
3945 4011
3946 3947
3946 4011
3946 4012
3947 3948
3947 4012
3947 4013
3948 3949
3948 4013
3948 4014
3949 3950
3949 4014
3949 4015
3950 3951
3950 4015
3950 4016
3951 3952
3951 4016
3951 4017
3952 3953
3952 4017
3952 4018
3953 3954
3953 4018
3953 4019
3954 3955
3954 4019
3954 4020
3955 3956
3955 4020
3955 4021
3956 3957
3956 4021
3956 4022
3957 3958
3957 4022
3957 4023
3958 3959
3958 4023
3958 4024
3959 3960
3959 4024
3959 4025
3960 3961
3960 4025
3960 4026
3961 3962
3961 4026
3961 4027
3962 3963
3962 4027
3962 4028
3963 3964
3963 4028
3963 4029
3964 3965
3964 4029
3964 4030
3965 4030
3966 3967
3966 4031
3966 4032
3967 3968
3967 4032
3967 4033
3968 3969
3968 4033
3968 4034
3969 3970
3969 4034
3969 4035
3970 3971
3970 4035
3970 4036
3971 3972
3971 4036
3971 4037
3972 3973
3972 4037
3972 4038
3973 3974
3973 4038
3973 4039
3974 3975
3974 4039
3974 4040
3975 3976
3975 4040
3975 4041
3976 3977
3976 4041
3976 4042
3977 3978
3977 4042
3977 4043
3978 3979
3978 4043
3978 4044
3979 3980
3979 4044
3979 4045
3980 3981
3980 4045
3980 4046
3981 3982
3981 4046
3981 4047
3982 3983
3982 4047
3982 4048
3983 3984
3983 4048
3983 4049
3984 3985
3984 4049
3984 4050
3985 3986
3985 4050
3985 4051
3986 3987
3986 4051
3986 4052
3987 3988
3987 4052
3987 4053
3988 3989
3988 4053
3988 4054
3989 3990
3989 4054
3989 4055
3990 3991
3990 4055
3990 4056
3991 3992
3991 4056
3991 4057
3992 3993
3992 4057
3992 4058
3993 3994
3993 4058
3993 4059
3994 3995
3994 4059
3994 4060
3995 3996
3995 4060
3995 4061
3996 3997
3996 4061
3996 4062
3997 3998
3997 4062
3997 4063
3998 3999
3998 4063
3998 4064
3999 4000
3999 4064
3999 4065
4000 4001
4000 4065
4000 4066
4001 4002
4001 4066
4001 4067
4002 4003
4002 4067
4002 4068
4003 4004
4003 4068
4003 4069
4004 4005
4004 4069
4004 4070
4005 4006
4005 4070
4005 4071
4006 4007
4006 4071
4006 4072
4007 4008
4007 4072
4007 4073
4008 4009
4008 4073
4008 4074
4009 4010
4009 4074
4009 4075
4010 4011
4010 4075
4010 4076
4011 4012
4011 4076
4011 4077
4012 4013
4012 4077
4012 4078
4013 4014
4013 4078
4013 4079
4014 4015
4014 4079
4014 4080
4015 4016
4015 4080
4015 4081
4016 4017
4016 4081
4016 4082
4017 4018
4017 4082
4017 4083
4018 4019
4018 4083
4018 4084
4019 4020
4019 4084
4019 4085
4020 4021
4020 4085
4020 4086
4021 4022
4021 4086
4021 4087
4022 4023
4022 4087
4022 4088
4023 4024
4023 4088
4023 4089
4024 4025
4024 4089
4024 4090
4025 4026
4025 4090
4025 4091
4026 4027
4026 4091
4026 4092
4027 4028
4027 4092
4027 4093
4028 4029
4028 4093
4028 4094
4029 4030
4029 4094
4029 4095
4030 4095
4031 4032
4031 4096
4031 4097
4032 4033
4032 4097
4032 4098
4033 4034
4033 4098
4033 4099
4034 4035
4034 4099
4034 4100
4035 4036
4035 4100
4035 4101
4036 4037
4036 4101
4036 4102
4037 4038
4037 4102
4037 4103
4038 4039
4038 4103
4038 4104
4039 4040
4039 4104
4039 4105
4040 4041
4040 4105
4040 4106
4041 4042
4041 4106
4041 4107
4042 4043
4042 4107
4042 4108
4043 4044
4043 4108
4043 4109
4044 4045
4044 4109
4044 4110
4045 4046
4045 4110
4045 4111
4046 4047
4046 4111
4046 4112
4047 4048
4047 4112
4047 4113
4048 4049
4048 4113
4048 4114
4049 4050
4049 4114
4049 4115
4050 4051
4050 4115
4050 4116
4051 4052
4051 4116
4051 4117
4052 4053
4052 4117
4052 4118
4053 4054
4053 4118
4053 4119
4054 4055
4054 4119
4054 4120
4055 4056
4055 4120
4055 4121
4056 4057
4056 4121
4056 4122
4057 4058
4057 4122
4057 4123
4058 4059
4058 4123
4058 4124
4059 4060
4059 4124
4059 4125
4060 4061
4060 4125
4060 4126
4061 4062
4061 4126
4061 4127
4062 4063
4062 4127
4062 4128
4063 4064
4063 4128
4063 4129
4064 4065
4064 4129
4064 4130
4065 4066
4065 4130
4065 4131
4066 4067
4066 4131
4066 4132
4067 4068
4067 4132
4067 4133
4068 4069
4068 4133
4068 4134
4069 4070
4069 4134
4069 4135
4070 4071
4070 4135
4070 4136
4071 4072
4071 4136
4071 4137
4072 4073
4072 4137
4072 4138
4073 4074
4073 4138
4073 4139
4074 4075
4074 4139
4074 4140
4075 4076
4075 4140
4075 4141
4076 4077
4076 4141
4076 4142
4077 4078
4077 4142
4077 4143
4078 4079
4078 4143
4078 4144
4079 4080
4079 4144
4079 4145
4080 4081
4080 4145
4080 4146
4081 4082
4081 4146
4081 4147
4082 4083
4082 4147
4082 4148
4083 4084
4083 4148
4083 4149
4084 4085
4084 4149
4084 4150
4085 4086
4085 4150
4085 4151
4086 4087
4086 4151
4086 4152
4087 4088
4087 4152
4087 4153
4088 4089
4088 4153
4088 4154
4089 4090
4089 4154
4089 4155
4090 4091
4090 4155
4090 4156
4091 4092
4091 4156
4091 4157
4092 4093
4092 4157
4092 4158
4093 4094
4093 4158
4093 4159
4094 4095
4094 4159
4094 4160
4095 4160
4096 4097
4096 4161
4096 4162
4097 4098
4097 4162
4097 4163
4098 4099
4098 4163
4098 4164
4099 4100
4099 4164
4099 4165
4100 4101
4100 4165
4100 4166
4101 4102
4101 4166
4101 4167
4102 4103
4102 4167
4102 4168
4103 4104
4103 4168
4103 4169
4104 4105
4104 4169
4104 4170
4105 4106
4105 4170
4105 4171
4106 4107
4106 4171
4106 4172
4107 4108
4107 4172
4107 4173
4108 4109
4108 4173
4108 4174
4109 4110
4109 4174
4109 4175
4110 4111
4110 4175
4110 4176
4111 4112
4111 4176
4111 4177
4112 4113
4112 4177
4112 4178
4113 4114
4113 4178
4113 4179
4114 4115
4114 4179
4114 4180
4115 4116
4115 4180
4115 4181
4116 4117
4116 4181
4116 4182
4117 4118
4117 4182
4117 4183
4118 4119
4118 4183
4118 4184
4119 4120
4119 4184
4119 4185
4120 4121
4120 4185
4120 4186
4121 4122
4121 4186
4121 4187
4122 4123
4122 4187
4122 4188
4123 4124
4123 4188
4123 4189
4124 4125
4124 4189
4124 4190
4125 4126
4125 4190
4125 4191
4126 4127
4126 4191
4126 4192
4127 4128
4127 4192
4127 4193
4128 4129
4128 4193
4128 4194
4129 4130
4129 4194
4129 4195
4130 4131
4130 4195
4130 4196
4131 4132
4131 4196
4131 4197
4132 4133
4132 4197
4132 4198
4133 4134
4133 4198
4133 4199
4134 4135
4134 4199
4134 4200
4135 4136
4135 4200
4135 4201
4136 4137
4136 4201
4136 4202
4137 4138
4137 4202
4137 4203
4138 4139
4138 4203
4138 4204
4139 4140
4139 4204
4139 4205
4140 4141
4140 4205
4140 4206
4141 4142
4141 4206
4141 4207
4142 4143
4142 4207
4142 4208
4143 4144
4143 4208
4143 4209
4144 4145
4144 4209
4144 4210
4145 4146
4145 4210
4145 4211
4146 4147
4146 4211
4146 4212
4147 4148
4147 4212
4147 4213
4148 4149
4148 4213
4148 4214
4149 4150
4149 4214
4149 4215
4150 4151
4150 4215
4150 4216
4151 4152
4151 4216
4151 4217
4152 4153
4152 4217
4152 4218
4153 4154
4153 4218
4153 4219
4154 4155
4154 4219
4154 4220
4155 4156
4155 4220
4155 4221
4156 4157
4156 4221
4156 4222
4157 4158
4157 4222
4157 4223
4158 4159
4158 4223
4158 4224
4159 4160
4159 4224
4159 4225
4160 4225
4161 4162
4162 4163
4163 4164
4164 4165
4165 4166
4166 4167
4167 4168
4168 4169
4169 4170
4170 4171
4171 4172
4172 4173
4173 4174
4174 4175
4175 4176
4176 4177
4177 4178
4178 4179
4179 4180
4180 4181
4181 4182
4182 4183
4183 4184
4184 4185
4185 4186
4186 4187
4187 4188
4188 4189
4189 4190
4190 4191
4191 4192
4192 4193
4193 4194
4194 4195
4195 4196
4196 4197
4197 4198
4198 4199
4199 4200
4200 4201
4201 4202
4202 4203
4203 4204
4204 4205
4205 4206
4206 4207
4207 4208
4208 4209
4209 4210
4210 4211
4211 4212
4212 4213
4213 4214
4214 4215
4215 4216
4216 4217
4217 4218
4218 4219
4219 4220
4220 4221
4221 4222
4222 4223
4223 4224
4224 4225
